,Compound,Negative,Neutral,Positive,Text,Time Sent,Tweet Count,User
0,0.0,1.0,0.0,0.0,"There's over 50 classic cookery shows being served up on @BBCiPlayer this #EasterWeekend. 
üëâ https://t.co/CKECZMGmx8 https://t.co/j3RfAYQvTI",Tue Mar 27 11:05:06 +0000 2018,500,BBC
1,0.25,0.875,0.0,0.125,"üé≠ @MargotRobbie is planning a new TV series, which will give Shakespeare plays a 'female perspective'.
üëâ‚Ä¶ https://t.co/pTLXfve0ds",Tue Mar 27 11:00:06 +0000 2018,500,BBC
2,0.0,1.0,0.0,0.0,"üöÄüåé 'Mad' Mike Hughes flew his home-made rocket to try and 'prove' the earth is flat. 

üö® SPOILER: it's not.  https://t.co/f5oNRItwyq",Tue Mar 27 09:52:08 +0000 2018,500,BBC
3,0.0,1.0,0.0,0.0,"RT @BBCTwo: Now we've got our country back... what actually is it? ü§î

#CunkOnBritain starts Tuesday 3 April, 10pm, @BBCTwo. @missdianemorga‚Ä¶",Tue Mar 27 09:40:22 +0000 2018,500,BBC
4,0.4019,0.876,0.0,0.124,RT @BBCBreakfast: A team of abseilers have been roped in to give Cheddar Gorge in Somerset an extreme spring clean. https://t.co/iYmkiizeRi,Tue Mar 27 09:39:23 +0000 2018,500,BBC
5,0.0,1.0,0.0,0.0,"RT @BBCR1: We can't get enough of @george_ezra's Live Lounge üòç

Watch him perform 'Paradise' and cover 'These Days' right here üëâhttps://t.c‚Ä¶",Tue Mar 27 09:38:59 +0000 2018,500,BBC
6,0.5994,0.843,0.0,0.157,"RT @bbcgetinspired: Check out @JesseLingard and some of his @PremierLeague mates showing us their super moves. üï∫üèª 

Show us yours with #sup‚Ä¶",Tue Mar 27 09:36:48 +0000 2018,500,BBC
7,0.0,1.0,0.0,0.0,"When this woman visited an uninhabited Caribbean island, the last thing she expected was to find it covered in plas‚Ä¶ https://t.co/cpKW9tl61v",Tue Mar 27 08:00:04 +0000 2018,500,BBC
8,0.0,1.0,0.0,0.0,"About 700,000 people in the UK are on the autism spectrum, with five times as many males as females being diagnosed‚Ä¶ https://t.co/PXJMuG76Tn",Tue Mar 27 07:30:04 +0000 2018,500,BBC
9,-0.4588,0.827,0.124,0.049,"The number of children living in relative poverty in the UK has risen to 4.1m. 

This is the story of Tyler, one of‚Ä¶ https://t.co/xFtEAjBTXC",Tue Mar 27 07:00:08 +0000 2018,500,BBC
10,-0.6249,0.806,0.194,0.0,"Filmed in Nottingham during the worst winter for the NHS on record, groundbreaking series #Hospital returns tonight‚Ä¶ https://t.co/PVSIcvCGc9",Mon Mar 26 19:03:02 +0000 2018,500,BBC
11,0.7783,0.688,0.0,0.312,"Tonight, George Alagiah explores the fascinating history of Queen Elizabeth II and her beloved Commonwealth. 

The‚Ä¶ https://t.co/xXer4FRyTq",Mon Mar 26 18:24:04 +0000 2018,500,BBC
12,0.0,1.0,0.0,0.0,üê∂üòÇ It was a Dachsh(und) to the finish line. https://t.co/7VvkU5GfUg,Mon Mar 26 17:30:04 +0000 2018,500,BBC
13,0.5859,0.787,0.0,0.213,"‚úàÔ∏è Joy and Mary flew WW2 planes before any navigation system was installed.
#RAFat100 https://t.co/yxNMblfTEf",Mon Mar 26 16:25:02 +0000 2018,500,BBC
14,-0.3818,0.744,0.161,0.095,"Tom Cruise stars in a remake of the 1953 adaptation of HG Wells‚Äôs classic novel. üçø

War of the Worlds | @BBCiPlayer‚Ä¶ https://t.co/h19JvTlFSA",Mon Mar 26 15:45:04 +0000 2018,500,BBC
15,0.0,1.0,0.0,0.0,"In her role as head of the Commonwealth, the Queen embarked on her first tour of the nations in 1953.

But by 1970‚Ä¶ https://t.co/Av61bahNZF",Mon Mar 26 15:11:57 +0000 2018,500,BBC
16,0.0,1.0,0.0,0.0,"Never let a squirrel nibble your nobble... üéàüêøüò±
https://t.co/cHm9m6At3m",Mon Mar 26 12:58:02 +0000 2018,500,BBC
17,0.4404,0.828,0.0,0.172,Apple wants to introduce new emojis to better represent people with disabilities. ‚ù§Ô∏èÔ∏è https://t.co/CcJfojmtTa https://t.co/ZRdEhVPMEm,Mon Mar 26 11:48:03 +0000 2018,500,BBC
18,-0.5106,0.837,0.163,0.0,"A crack that opened up in Kenya‚Äôs Rift Valley, damaging a section of the Narok-Nairobi highway, is still growing... https://t.co/T5YocDauYj",Mon Mar 26 11:00:05 +0000 2018,500,BBC
19,-0.128,0.93,0.07,0.0,"From hot cross bun gin to Creme Egg Yorkshire pudding, this year‚Äôs Easter treats are bigger, weirder and more decad‚Ä¶ https://t.co/HvDJmgcB5q",Mon Mar 26 10:00:07 +0000 2018,500,BBC
20,0.4588,0.864,0.0,0.136,RT @bbcpress: Sue Perkins will return to host the 2018 #BAFTA TV awards on Sunday 13 May on @BBCOne. https://t.co/pieSWNAGbH,Mon Mar 26 09:35:06 +0000 2018,500,BBC
21,0.3182,0.753,0.0,0.247,"üòÇ @BillBailey is NOT a fan of taramasalata. #Room101 

https://t.co/soAAz27c0C",Mon Mar 26 09:33:01 +0000 2018,500,BBC
22,0.0,1.0,0.0,0.0,"The kiwi bird's egg is so large, it takes almost ten days to lay! üê¶ü•öüò≥  #DavidAttenboroughsNaturalCuriosities
https://t.co/AkZqK9vzZZ",Mon Mar 26 09:04:01 +0000 2018,500,BBC
23,0.5819,0.818,0.0,0.182,"ü§îWhy do so many celebrities decide to enter politics?

Some have done so more successfully than others...‚Ä¶ https://t.co/MkEDpSeLMJ",Mon Mar 26 08:29:04 +0000 2018,500,BBC
24,0.2263,0.749,0.09,0.161,"Wishing you could get out of bed just that little bit earlier? üò¥

If you need some motivation to set that alarm, he‚Ä¶ https://t.co/zsisa2oA4s",Mon Mar 26 07:30:10 +0000 2018,500,BBC
25,0.128,0.821,0.077,0.101,"Could this be an answer to global water shortages? üèúüíß This machine creates water out of thin air. 

https://t.co/caz4nXMJg5",Sun Mar 25 19:44:01 +0000 2018,500,BBC
26,-0.7506,0.714,0.286,0.0,"Tonight, @regyates meets people whose lives have been devastated by the Grenfell fire. 

Reggie Yates: Searching fo‚Ä¶ https://t.co/HPgtcZuHte",Sun Mar 25 19:15:06 +0000 2018,500,BBC
27,0.5719,0.837,0.0,0.163,"Tonight, @mcgregor_ewan and @McgColin celebrate the centenary of the Royal Air Force. 

RAF at 100 with Ewan and Co‚Ä¶ https://t.co/nF2iwBP51b",Sun Mar 25 18:40:04 +0000 2018,500,BBC
28,0.0,1.0,0.0,0.0,The first ever statue of David Bowie has been unveiled in the town where he debuted Ziggy Stardust. ‚ö°Ô∏è‚Ä¶ https://t.co/lFgROYVkv1,Sun Mar 25 18:13:03 +0000 2018,500,BBC
29,0.5267,0.815,0.0,0.185,"When you're enjoying being single and people just can't deal with it. üôÑüòÇ @kathbum #LiveAtTheApollo 

https://t.co/byHMHWyhPq",Sun Mar 25 17:30:07 +0000 2018,500,BBC
30,0.4588,0.833,0.0,0.167,"üá∫üá∏üèùüá¨üáß Welcome to Tangier Island, the tiny US island where people speak with a British accent.‚Ä¶ https://t.co/1RoM285gRJ",Sun Mar 25 15:03:03 +0000 2018,500,BBC
31,0.0,1.0,0.0,0.0,"üí¨ We could listen to him speak all day. 

üìΩ Sir David Attenborough's voice was just as iconic in the 60s as it is t‚Ä¶ https://t.co/zYi3oK5C13",Sun Mar 25 14:30:02 +0000 2018,500,BBC
32,0.1779,0.909,0.0,0.091,"Predictions suggest a build-up of about 80,000 tonnes of plastic in the Pacific Ocean is growing rapidly. ‚ôªÔ∏èüåäüíî‚Ä¶ https://t.co/uKD9BQWmUi",Sun Mar 25 14:09:03 +0000 2018,500,BBC
33,0.5574,0.816,0.0,0.184,"üëΩ‚ú®üõ∏ @prattprattpratt stars as a happy-go-lucky hero who joins forces with an unlikely group of aliens. 

Guardians‚Ä¶ https://t.co/B9W7kRZ1Qz",Sun Mar 25 13:03:04 +0000 2018,500,BBC
34,0.0,1.0,0.0,0.0,"Weighing just 100g, a newborn panda is one 900th the size of its mum! üêºüíï #DavidAttenboroughsNaturalCuriosities https://t.co/nKLQh03DJs",Sun Mar 25 12:03:02 +0000 2018,500,BBC
35,0.0,1.0,0.0,0.0,üêüMeet SoFi - the soft robot fish developed by MIT to swim among real fish in coral reefs and around the ocean to he‚Ä¶ https://t.co/HDa7q7WsHf,Sun Mar 25 10:30:04 +0000 2018,500,BBC
36,-0.3612,0.839,0.161,0.0,"Ever wondered what made you feel moody? It might be your gut.

üëâ https://t.co/l8oMv5gPN2 https://t.co/vq2yhtBOAn",Sun Mar 25 09:30:15 +0000 2018,500,BBC
37,0.5719,0.764,0.0,0.236,"RT @BBCScotland: Up your brunch game with perfect poached eggs.

via @bbcthesocial https://t.co/1imXNeOZ9d",Sun Mar 25 08:43:31 +0000 2018,500,BBC
38,-0.4019,0.899,0.101,0.0,"RT @bbcweather: #Winter may not be done with us yet, as colder continental air fights back against milder maritime air across the UK this w‚Ä¶",Sun Mar 25 08:43:26 +0000 2018,500,BBC
39,0.0,1.0,0.0,0.0,RT @BBCSport: A simply astonishing confession from Australia captain Steve Smith and batsman Cameron Bancroft üò≥ https://t.co/YaE7fBZamq,Sun Mar 25 08:43:22 +0000 2018,500,BBC
40,-0.25,0.743,0.153,0.104,A woman who drinks 30 cans a day says her addiction to energy drinks is worse than gambling.‚Ä¶ https://t.co/d11ATW0F0f,Sun Mar 25 08:00:12 +0000 2018,500,BBC
41,0.0,1.0,0.0,0.0,You learn something new every day. Here's how to poo a baby jaguar. ü§∑üí©#BigCatsAboutTheHouse https://t.co/Eg5rF1414b,Sun Mar 25 07:34:02 +0000 2018,500,BBC
42,-0.4215,0.859,0.141,0.0,When the clocks have gone forward but there's no way you're getting out of bed yet. üôÖ‚Äç‚ôÇÔ∏è‚è∞#DaylightSavings https://t.co/cHBPV3ITsQ,Sun Mar 25 07:02:00 +0000 2018,500,BBC
43,-0.3818,0.885,0.115,0.0,"""I still see people screaming for help.""

This Sunday at 9pm on @BBCTwo, @REGYATES meets the people whose lives wer‚Ä¶ https://t.co/RS16yXF17H",Sat Mar 24 20:34:01 +0000 2018,500,BBC
44,0.4767,0.866,0.0,0.134,"The story of the last decade of Picasso's life, through the words of family and friends. üé®

Picasso's Last Stand |‚Ä¶ https://t.co/RyiuI8KgSk",Sat Mar 24 20:00:11 +0000 2018,500,BBC
45,0.5859,0.817,0.0,0.183,"""Beauty is your inside, it's your personality and what shines from beneath."" 

25-year-old rapper Paigey Cakey had‚Ä¶ https://t.co/CVGr69Y0oO",Sat Mar 24 19:16:04 +0000 2018,500,BBC
46,0.5719,0.748,0.0,0.252,Cambridge have won the men's and women's Boat Races. https://t.co/COTzXYuo4N üèÜ üö£ #BoatRace2018 https://t.co/6SQjF1ToSt,Sat Mar 24 18:44:04 +0000 2018,500,BBC
47,0.3182,0.777,0.0,0.223,"üì∫üòÇ @RomeshRanga is NOT a fan of Gogglebox. #LiveAtTheApollo
https://t.co/FHm9g6Emss",Sat Mar 24 18:02:01 +0000 2018,500,BBC
48,0.0,1.0,0.0,0.0,"When proposals go wrong... üò≥üíç #Doodlebugs 
https://t.co/8Yi6giWO3S",Sat Mar 24 17:01:01 +0000 2018,500,BBC
49,0.2732,0.788,0.083,0.129,"Writer Sara Maitland has lived alone in rural Scotland for 20 years. 

Here are seven valuable life lessons we can‚Ä¶ https://t.co/2eAqUlnwuA",Sat Mar 24 15:30:10 +0000 2018,500,BBC
50,-0.0772,0.719,0.15,0.131,ü§≥How an Instagram video lost me my dream job in fashion: https://t.co/72yWgHdc1k https://t.co/fl3DxMcIL5,Sat Mar 24 15:00:06 +0000 2018,500,BBC
51,0.0,1.0,0.0,0.0,üö£ @clarebalding is live from the River Thames as @UniofOxford and @Cambridge_Uni  meet for one of the most iconic e‚Ä¶ https://t.co/Ls9rtIYov4,Sat Mar 24 14:01:47 +0000 2018,500,BBC
52,0.296,0.845,0.0,0.155,RT @bbcthree: The barber helping men with dementia relive their younger lives. https://t.co/p8axQVK836,Sat Mar 24 14:01:32 +0000 2018,500,BBC
53,0.0,1.0,0.0,0.0,"Which animals are likely to become extinct in your lifetime? ü¶èüíî
https://t.co/9KwlmcNrWV",Sat Mar 24 13:03:01 +0000 2018,500,BBC
54,0.1867,0.902,0.0,0.098,"Don't miss the highlights from the Gymnastics World Cup! ü§∏ü§∏‚Äç‚ôÄÔ∏èüá¨üáß

World Cup Gymnastics | @BBCOne | 2:05pm |‚Ä¶ https://t.co/7mpufyeEMo",Sat Mar 24 12:33:04 +0000 2018,500,BBC
55,0.0,1.0,0.0,0.0,"How much do you know about horses? Take this quiz to see if you are an equestrian expert‚Ä¶üê¥

https://t.co/ChGCB9Xi1W https://t.co/P9UgJ99nsx",Sat Mar 24 11:29:04 +0000 2018,500,BBC
56,0.4215,0.833,0.0,0.167,"Meet Hester, the 10-year-old visually impaired skier who's hoping for Paralympic gold one day. ‚õ∑ü•áhttps://t.co/6aiUaTc3yS",Sat Mar 24 10:31:01 +0000 2018,500,BBC
57,0.5411,0.857,0.0,0.143,"""The enthusiastic viewer should feel he is almost the man on the spot!"" 

In 1949, the BBC announced it would telev‚Ä¶ https://t.co/WEoPpkrW1V",Sat Mar 24 10:03:01 +0000 2018,500,BBC
58,0.0,1.0,0.0,0.0,RT @BBCNewsNI: Prince Harry and Meghan Markle are visiting Northern Ireland https://t.co/ODxLd1LIr8 https://t.co/s0zPTXj3Tk,Sat Mar 24 09:42:34 +0000 2018,500,BBC
59,0.0,1.0,0.0,0.0,"RT @bbcf1: Lewis Hamilton took the first pole of the season in spectacular style ‚ö°Ô∏è

https://t.co/a7YDOx0FlQ",Sat Mar 24 09:32:59 +0000 2018,500,BBC
60,0.4995,0.867,0.0,0.133,"RT @sportrelief: A humongous THANK YOU to everyone who has taken part, fund-raised &amp; watched over the past weeks &amp; tonight. The #SportRelie‚Ä¶",Sat Mar 24 09:31:30 +0000 2018,500,BBC
61,0.128,0.85,0.065,0.085,RT @sportrelief: The nation has joined together for this year's #SportRelief pulling out all the stops to make their steps count. Well done‚Ä¶,Sat Mar 24 09:31:26 +0000 2018,500,BBC
62,0.0,1.0,0.0,0.0,ü•ëA Cultural history of the avocado: https://t.co/jo1UyWlVw7 https://t.co/7VF6pBpG57,Sat Mar 24 09:30:13 +0000 2018,500,BBC
63,0.0,1.0,0.0,0.0,"Meet Alexandre, one of the only male performers of ‚Äòbaladi‚Äô ‚Äì also known as belly dancing ‚Äì in the Middle East. üé∂

 https://t.co/K12N1Y6PU7",Sat Mar 24 08:33:02 +0000 2018,500,BBC
64,0.0,1.0,0.0,0.0,"RT @BBCOne: .@GaryLineker, @OreOduba, @ThisisDavina &amp; more kick off the biggest ever night of #SportRelief now on @bbcone. @sportrelief 
Fo‚Ä¶",Fri Mar 23 19:07:00 +0000 2018,500,BBC
65,-0.296,0.864,0.136,0.0,From @taylorswift13 to @Beyonce: these are the secretive musicians who avoid interviews. üé§ü§ê https://t.co/nqOmaVMzoo https://t.co/sbDga7L5cp,Fri Mar 23 18:03:04 +0000 2018,500,BBC
66,0.0,1.0,0.0,0.0,"Tonight, @GaryLineker, @ThisisDavina and @OreOduba kick off the biggest ever night of @sportrelief! Ô∏è‚öΩÔ∏è‚ú®üö¥üéâ‚Ä¶ https://t.co/tgbpC76heP",Fri Mar 23 17:33:03 +0000 2018,500,BBC
67,0.0,1.0,0.0,0.0,"Your week, as told by @louistheroux. üìÜüòÇ
https://t.co/Ae6bDBpIBW",Fri Mar 23 17:02:01 +0000 2018,500,BBC
68,0.0,1.0,0.0,0.0,"RT @BBCWales: A #DanceForParkinsons session with @ndcwales for @GetCreativeUK in #Cardiff this week 

Find out what‚Äôs happening on the fina‚Ä¶",Fri Mar 23 16:27:45 +0000 2018,500,BBC
69,0.7783,0.714,0.0,0.286,"Meet Australian maths teacher Eddie Woo, who has won fans worldwide with his high-energy lessons, posted on YouTube‚Ä¶ https://t.co/vTfNDZzA3b",Fri Mar 23 16:00:12 +0000 2018,500,BBC
70,-0.4479,0.828,0.172,0.0,"RT @BBCOne: No @andy_murray, this is not a dream. @GeriHalliwell really IS in your bedroom making you sing Spice Girls songs üé§

@sportrelie‚Ä¶",Fri Mar 23 14:33:40 +0000 2018,500,BBC
71,0.5994,0.813,0.0,0.187,These beautiful photographs reveal how refugees in Tyneside have turned to the healing powers of gardening. üåøüì∏‚Ä¶ https://t.co/2gq0t9FnIR,Fri Mar 23 14:03:08 +0000 2018,500,BBC
72,-0.4767,0.871,0.129,0.0,"How would you react if you woke up and found Michael McIntyre and Peppa Pig in your bedroom? 

Poor @AndyMurray‚Ä¶

S‚Ä¶ https://t.co/7ZP0hUYeKr",Fri Mar 23 14:00:02 +0000 2018,500,BBC
73,0.6114,0.8,0.0,0.2,Spring is here! üå±üå∏ü•¶ Make the most of seasonal ingredients with these delicious soup recipes. https://t.co/fXp7eJXoJc https://t.co/hA1b2bdSrd,Fri Mar 23 13:33:04 +0000 2018,500,BBC
74,0.4939,0.741,0.0,0.259,"Want to get creative this weekend? Here's how to make a hooky rug. 
#MakeCraftBritain 
https://t.co/uqibyP09s7",Fri Mar 23 13:03:02 +0000 2018,500,BBC
75,0.0,1.0,0.0,0.0,RT @BBCSport: He was one of English football's first black players and the British Army's first ever black officer to command white troops.‚Ä¶,Fri Mar 23 11:42:55 +0000 2018,500,BBC
76,-0.2006,0.754,0.139,0.107,RT @BBCRadio2: üëª ‚ÄúI thought the script was really frightening and original.‚Äù Martin Freeman chats to @achrisevans about his creepy new film‚Ä¶,Fri Mar 23 11:42:51 +0000 2018,500,BBC
77,0.0,1.0,0.0,0.0,RT @BBCTwo: Our entire weekend plans. üò¥üëá #BigCatsAboutTheHouse https://t.co/vl0zUcCdmI,Fri Mar 23 11:42:48 +0000 2018,500,BBC
78,0.3612,0.872,0.0,0.128,"RT @sportrelief: It looks like #TeamGryffindor are storming ahead in the #HogwartsLeague in the #SportRelief app. 

#TeamHufflepuff, #TeamS‚Ä¶",Fri Mar 23 11:42:43 +0000 2018,500,BBC
79,0.2648,0.897,0.0,0.103,‚òïÔ∏èüç∞Some blueberry muffins sold by cafes and supermarkets contain more than the recommended daily intake of sugar fo‚Ä¶ https://t.co/9bh6K8aMH2,Fri Mar 23 11:30:05 +0000 2018,500,BBC
80,-0.6016,0.813,0.187,0.0,"Friday night is CELEBRITY FIGHT NIGHT! ü•äü•ä

Who'll be victorious? Tune in to #SportRelief to find out!

https://t.co/9ZhgNGmxOD",Fri Mar 23 10:33:01 +0000 2018,500,BBC
81,0.8555,0.657,0.0,0.343,"Scrolling through headlines, the world can feel like a pretty dark place. So here are nine reasons to be happy. üòä üéâ‚Ä¶ https://t.co/KrNoB0qaqC",Fri Mar 23 10:03:03 +0000 2018,500,BBC
82,0.765,0.583,0.0,0.417,"Would you want secret helpers like these to help you out in nerve-wracking situations? #TheSecretHelpers 
https://t.co/ua2X4vxKR3",Fri Mar 23 09:30:03 +0000 2018,500,BBC
83,0.0,1.0,0.0,0.0,"Meet the first polar bear cub to be born in the UK in 25 years. üòç
https://t.co/njq1r6eONE",Fri Mar 23 08:33:01 +0000 2018,500,BBC
84,0.1511,0.85,0.0,0.15,"RT @BBCOne: All hail queen Kat! üôåüëë 

#EastEnders @BBCEastenders https://t.co/PLmAc53L6t",Thu Mar 22 21:39:27 +0000 2018,500,BBC
85,0.2732,0.884,0.0,0.116,"Istanbul's Blue Mosque looks spectacular. @wmarybeard looks at the art, meaning and significance of calligraphy the‚Ä¶ https://t.co/Mv3voUkcvc",Thu Mar 22 21:30:01 +0000 2018,500,BBC
86,0.0,1.0,0.0,0.0,üñã The artist reimagining Islamic calligraphy for the 21st Century: https://t.co/wgbVwZLDEa #Civilisations https://t.co/nxW6Sokjdn,Thu Mar 22 21:20:05 +0000 2018,500,BBC
87,-0.6486,0.798,0.202,0.0,"In 1918, the very first signs of the Spanish Flu pandemic were kept under wraps. So how did the deadly illness get‚Ä¶ https://t.co/zuZryXLihL",Thu Mar 22 20:30:01 +0000 2018,500,BBC
88,0.0,1.0,0.0,0.0,Go behind-the-scenes at @TheBigCatSanct where expert Giles Clark is hand-rearing a jaguar cub. üêæ‚Ä¶ https://t.co/0hDQP6X1wA,Thu Mar 22 19:04:04 +0000 2018,500,BBC
89,0.0516,0.625,0.159,0.216,"Tai chi has been recommended to help people with the chronic pain condition fibromyalgia. 

https://t.co/uYDlKfWbt7 https://t.co/Y7P9ceP82j",Thu Mar 22 18:30:09 +0000 2018,500,BBC
90,-0.25,0.917,0.083,0.0,"The cost of living alone, rather than living as a couple, is more than ¬£1000 a year. üíîüè†

This is the price of being‚Ä¶ https://t.co/udzI9xGci6",Thu Mar 22 17:33:04 +0000 2018,500,BBC
91,0.0,1.0,0.0,0.0,.@ManUtd have applied to have a professional women's team. ‚öΩÔ∏è https://t.co/rxzdRsDhUd https://t.co/meO65NRCtm,Thu Mar 22 17:03:54 +0000 2018,500,BBC
92,0.128,0.795,0.092,0.113,"Worried about your impact on the planet? üåçüíö

This is how to make your next holiday more eco-friendly. ‚ôªÔ∏èüå¥

üëâ‚Ä¶ https://t.co/wCmDZJledV",Thu Mar 22 17:03:05 +0000 2018,500,BBC
93,-0.4753,0.872,0.128,0.0,"Think twice before you throw your kitchen waste in the bin! Here's how to grow plants from kitchen scraps. ü•ïü•îüçé

üëâ‚Ä¶ https://t.co/MMgrC8yseG",Thu Mar 22 16:04:06 +0000 2018,500,BBC
94,0.4184,0.859,0.0,0.141,"RT @mixital: üó°Ô∏èNew #DoctorWho writing challenge!üó°Ô∏è
Write a story featuring Rory Williams! Share it with us here: https://t.co/zW42ZnvJnc

#‚Ä¶",Thu Mar 22 15:00:43 +0000 2018,500,BBC
95,-0.9168,0.615,0.385,0.0,"Could you name the disaster that killed the most people in the last 100 years?

Contagion! The BBC Four Pandemic |‚Ä¶ https://t.co/10zHfD8PHT",Thu Mar 22 15:00:01 +0000 2018,500,BBC
96,0.6705,0.594,0.1,0.306,"üé∂Some musicians love doing them, others don‚Äôt.

Seven secretive musicians who like to avoid interviews:‚Ä¶ https://t.co/7Rm55Ddynj",Thu Mar 22 14:30:10 +0000 2018,500,BBC
97,0.4215,0.882,0.0,0.118,"RT @BBCEarth: Today is #WorldWaterDay. This teen has an ingenious way to test the safety of water around the world 
@BBC_Future https://t.c‚Ä¶",Thu Mar 22 13:53:48 +0000 2018,500,BBC
98,-0.4767,0.871,0.129,0.0,"Has @chrishughes_22 read any of his own book? üòÇü§¶

Here's what he confessed when he took on @BBCR1's fake lie detect‚Ä¶ https://t.co/tVaKesbKQ1",Thu Mar 22 13:33:04 +0000 2018,500,BBC
99,0.0,1.0,0.0,0.0,Secret Universe: The Hidden Life of the Cell is on @BBCFOUR tonight at 8pm. üî¨ https://t.co/PVf4thZOb3,Thu Mar 22 13:14:13 +0000 2018,500,BBC
100,0.508,0.88,0.0,0.12,"RT @ACMawards: The ACM for New Vocal Group of the Year goes to @MidlandOfficial! And yes, that really was @Reba on the phone! #ACMawards ht‚Ä¶",Mon Mar 26 22:14:25 +0000 2018,500,CBS
101,0.0,1.0,0.0,0.0,"RT @ACMawards: In case you didn‚Äôt know, the ACM for New Male Vocalist of the Year goes to @BrettYoungMusic. Check out his reaction when @Re‚Ä¶",Mon Mar 26 20:42:48 +0000 2018,500,CBS
102,0.7959,0.786,0.0,0.214,RT @ACMawards: Over the weekend @Reba called the ACM New Artist of the Year winners to let them know they had won! Let‚Äôs just say our New F‚Ä¶,Mon Mar 26 16:59:19 +0000 2018,500,CBS
103,0.807,0.622,0.0,0.378,"Congratulations to the 53rd #ACMawards New Artist winners @Lauren_Alaina, @MidlandOfficial, and @BrettYoungMusic! W‚Ä¶ https://t.co/Fr8H4arwGj",Mon Mar 26 16:05:18 +0000 2018,500,CBS
104,0.0,1.0,0.0,0.0,New start times in East/Central Time Zones #60Minutes 7:35ET/6:35CT #Instinct  8:35ET/7:35CT #NCISLA 9:35ET/8:35CT‚Ä¶ https://t.co/8W5hAeLrvs,Sun Mar 25 23:57:34 +0000 2018,500,CBS
105,0.5319,0.78,0.062,0.157,Don‚Äôt miss a minute of the action. Stream the¬†Elite Eight¬Æ¬†games LIVE today starting at 2PM ET with a FREE trial of‚Ä¶ https://t.co/8NwU8HdiHR,Sun Mar 25 17:15:25 +0000 2018,500,CBS
106,0.5399,0.801,0.0,0.199,RT @MomCBS: That's a wrap on the #Mom panel at #PaleyFest! Thanks for following along! https://t.co/we4JgqPt6P,Sat Mar 24 22:46:53 +0000 2018,500,CBS
107,-0.34,0.7,0.185,0.115,RT @MomCBS: A fan just commented that #Mom helped bring him out of a deep depression. üíúüíúüíú #PaleyFest,Sat Mar 24 22:46:43 +0000 2018,500,CBS
108,0.7003,0.791,0.0,0.209,"RT @MomCBS: ""Go out for it anyway. If you're good for the role, you're good for the role."" @theJaimePressly's advice for aspiring actors wi‚Ä¶",Sat Mar 24 22:25:03 +0000 2018,500,CBS
109,0.0,1.0,0.0,0.0,RT @MomCBS: Mom Co-Creator @GemmaRBaker just pointed out her own #Mom in the audience at #PaleyFest! üíú,Sat Mar 24 22:21:37 +0000 2018,500,CBS
110,0.0,1.0,0.0,0.0,"RT @MomCBS: ""I'm not someone in recovery who goes to AA, but I have taken so much away from it...to take one day at a time."" - @theJaimePre‚Ä¶",Sat Mar 24 22:21:34 +0000 2018,500,CBS
111,0.7184,0.667,0.0,0.333,"RT @MomCBS: ""You get to appreciate working with such talented people."" - @AnnaKFaris #Mom #PaleyFest",Sat Mar 24 22:21:26 +0000 2018,500,CBS
112,0.9451,0.58,0.0,0.42,RT @MomCBS: ‚ÄúI love this job. I love working with these women. I love working in front of the live audience‚Ä¶ It‚Äôs alive and it‚Äôs fun.‚Äù - @A‚Ä¶,Sat Mar 24 22:21:23 +0000 2018,500,CBS
113,0.0,1.0,0.0,0.0,"Get on your feet for @Jason_Aldean, @ThomasRhett, @ChrisStapleton, @KeithUrban, and @ChrisYoungMusic, the five nomi‚Ä¶ https://t.co/oT5ogjdj4x",Sat Mar 24 20:00:02 +0000 2018,500,CBS
114,0.6996,0.806,0.0,0.194,Get ready for some sweet games! Stream #5 Clemson vs #1 Kansas LIVE at 7PM ET and #11 Syracuse vs #2 Duke LIVE at 9‚Ä¶ https://t.co/4WstgrKNnW,Fri Mar 23 22:33:52 +0000 2018,500,CBS
115,0.4939,0.686,0.0,0.314,RT @SEALTeamCBS: In honor of #NationalPuppyDay... üòç #SEALTeam https://t.co/4mIZPpiRlU,Fri Mar 23 22:33:04 +0000 2018,500,CBS
116,0.8997,0.645,0.0,0.355,"RT @HawaiiFive0CBS: Nothing like a man and his dog! üòçüê∂ Happy #NationalPuppyDay to Eddie, the best pup on the Five-0 Task Force! #H50 https:‚Ä¶",Fri Mar 23 22:32:48 +0000 2018,500,CBS
117,0.0,1.0,0.0,0.0,Game on! 16 teams left and the race to the finish continues tonight. Stream #11 Loyola-Chicago vs #7 Nevada LIVE at‚Ä¶ https://t.co/W374rmzzoC,Thu Mar 22 22:10:29 +0000 2018,500,CBS
118,0.7081,0.623,0.066,0.311,Save the date! These are season finales you do NOT want to miss. RT if you're excited! https://t.co/UUQoWsPPSh https://t.co/cDl4WmxMtU,Thu Mar 22 20:52:02 +0000 2018,500,CBS
119,0.636,0.802,0.0,0.198,Congratulations to all of the @CBSDaytime nominees for the #DaytimeEmmys! See the full list of #DaytimeEmmy nominee‚Ä¶ https://t.co/ivJVJWvfsf,Thu Mar 22 00:23:38 +0000 2018,500,CBS
120,0.0,1.0,0.0,0.0,Female Vocalist Of The Year nominee @MarenMorris will show her fans how it‚Äôs done when she takes the stage to showc‚Ä¶ https://t.co/PITjmAoFT8,Wed Mar 21 18:00:01 +0000 2018,500,CBS
121,0.5106,0.858,0.0,0.142,The legendary @Reba returns to host the 53rd #ACMawards and she‚Äôs proving just how comfortable she is behind the mi‚Ä¶ https://t.co/XPXcSPRXqC,Tue Mar 20 20:00:01 +0000 2018,500,CBS
122,0.0,1.0,0.0,0.0,RT @nancyodell: Told my daughter I'd be presenting at @ACMawards again this year. (Woot woot!We both luv country music!)She took this pic o‚Ä¶,Tue Mar 20 17:58:43 +0000 2018,500,CBS
123,0.5562,0.826,0.0,0.174,RT @ladyantebellum: Ecstatic to announce we'll be performing at the #ACMawards in Las Vegas again this year! https://t.co/Qfhs94j6FR,Tue Mar 20 16:52:42 +0000 2018,500,CBS
124,0.0,1.0,0.0,0.0,"Country superstars @kennychesney, @ladyantebellum, @blakeshelton, and @KeithUrban have just been added to the stell‚Ä¶ https://t.co/bJ4If7MacP",Tue Mar 20 16:11:00 +0000 2018,500,CBS
125,0.7845,0.619,0.072,0.309,"RT @YandR_CBS: Forever evolving, Forever inspiring, Forever Young and Restless. ‚ù§Ô∏è Get ready to celebrate 45 years of #YR starting in just‚Ä¶",Mon Mar 19 21:02:26 +0000 2018,500,CBS
126,0.0,1.0,0.0,0.0,New start times in East/Central Time Zones: #60Minutes 7:37ET/6:37CT #Instinct series premiere 8:37ET/7:37CT‚Ä¶ https://t.co/xT3YKqmu2M,Sun Mar 18 23:44:30 +0000 2018,500,CBS
127,0.6514,0.787,0.0,0.213,Spend your Sunday streaming Second Round games LIVE with a FREE trial of CBS All Access! https://t.co/3P85rXLy4b https://t.co/zbWfirD9Ju,Sun Mar 18 18:05:43 +0000 2018,500,CBS
128,0.1867,0.92,0.0,0.08,"RT @instinctcbs: TONIGHT, Dr. Dylan Reinhart rewrites the book on abnormal behavior. Don't miss the premiere of #Instinct at 8/7c! https://‚Ä¶",Sun Mar 18 17:09:53 +0000 2018,500,CBS
129,0.0,1.0,0.0,0.0,"If any duo knows how to rock the stage, it's @FLAGALine. The Vocal Duo Of The Year nominee will perform live at the‚Ä¶ https://t.co/FknabB8NQp",Sat Mar 17 19:00:02 +0000 2018,500,CBS
130,0.6166,0.839,0.0,0.161,How is your bracket looking after last night? Stream Second Round games LIVE today with a FREE trial of CBS All Acc‚Ä¶ https://t.co/25JlIpgwog,Sat Mar 17 17:42:43 +0000 2018,500,CBS
131,0.7096,0.753,0.0,0.247,Where better to spend #StPatricksDay than the place everybody knows your name? It‚Äôs just your luck that every singl‚Ä¶ https://t.co/Fom5wmdENL,Sat Mar 17 14:00:03 +0000 2018,500,CBS
132,0.296,0.896,0.0,0.104,Stars @JakeMcDorman and Nik Dodani will join the cast in the upcoming revival of Murphy Brown coming to CBS.‚Ä¶ https://t.co/JCAx29lo0i,Fri Mar 16 22:53:21 +0000 2018,500,CBS
133,0.0,1.0,0.0,0.0,"RT @thegoodfight: Go behind the scenes with costume designer @DanLawsonStyle in ""Behind The Style,"" a new weekly video series all about the‚Ä¶",Fri Mar 16 18:15:53 +0000 2018,500,CBS
134,0.6514,0.822,0.0,0.178,The games have just begun! Continue to stream First Round games LIVE today with a FREE trial of CBS All Access:‚Ä¶ https://t.co/YTGsJ48zYP,Fri Mar 16 16:28:40 +0000 2018,500,CBS
135,0.7088,0.763,0.0,0.237,"RT @TheTalkCBS: You asked, we answered! The fun never ends when the ladies #KeepTalking and answer your fan questions üó£üí¨‚û°Ô∏è https://t.co/ie1‚Ä¶",Thu Mar 15 17:54:06 +0000 2018,500,CBS
136,-0.4939,0.766,0.157,0.077,RT @instinctcbs: Dr. Dylan Reinhart is lured back into the field from his life of quiet academia when a certain serial killer makes things‚Ä¶,Thu Mar 15 17:20:26 +0000 2018,500,CBS
137,0.6514,0.806,0.0,0.194,Stream First Round games LIVE today starting at 12PM ET with a FREE trial of CBS All Access! https://t.co/3P85rXLy4b https://t.co/vZow3YD8cb,Thu Mar 15 16:42:41 +0000 2018,500,CBS
138,0.6115,0.734,0.0,0.266,RT @CBSSports: It's the most wonderful time of the year. #MarchMadness https://t.co/e4c9qohqSR,Thu Mar 15 14:32:16 +0000 2018,500,CBS
139,0.6696,0.781,0.0,0.219,"Give these ladies some love! @Lauren_Alaina, @DBradbery, @carlypearce, and @RaeLynn are nominated for New Female Vo‚Ä¶ https://t.co/IVhwURfJ3S",Wed Mar 14 19:30:01 +0000 2018,500,CBS
140,0.3612,0.857,0.0,0.143,"RT @ManWithAPlan: Hungry for more #ManWithAPlan bloopers and behind-the-scenes videos featuring cast like @matt_leblanc, @thelizasnyder, @k‚Ä¶",Tue Mar 13 18:48:52 +0000 2018,500,CBS
141,0.539,0.821,0.0,0.179,"Music stars @MileyCyrus, @edsheeran, @ladygaga, and more will honor the legendary @eltonofficial and his hit songs‚Ä¶ https://t.co/UzxARCCLnI",Tue Mar 13 14:15:10 +0000 2018,500,CBS
142,0.2244,0.917,0.0,0.083,RT @thegoodfight: The verdict is in. The new season of #TheGoodFight is üî•üî•üî•! Stream it now on CBS All Access: https://t.co/FkYSNSXlRb https‚Ä¶,Mon Mar 12 18:13:28 +0000 2018,500,CBS
143,0.0,1.0,0.0,0.0,"RT @MadamSecretary: In less than an hour, #MadamSecretary's Keith Carradine will be taking over the @MadamSecretary Twitter page! Tweet alo‚Ä¶",Mon Mar 12 01:20:43 +0000 2018,500,CBS
144,0.4926,0.883,0.0,0.117,RT @DierksBentley: Take and post a photo of the woman in your life who inspires you daily! Use the hashtag #WomanAmenACM in your post for a‚Ä¶,Fri Mar 09 22:48:26 +0000 2018,500,CBS
145,0.1275,0.795,0.092,0.113,"RT @MomCBS: If you missed guest star @KChenoweth in the latest episode of #Mom, not to worry! Watch now: https://t.co/RlvXoGOZ0l https://t.‚Ä¶",Fri Mar 09 22:24:20 +0000 2018,500,CBS
146,0.4215,0.823,0.0,0.177,"Give a round of applause to @KelseaBallerini, @MirandaLambert, @Reba, @MarenMorris, and @CarrieUnderwood, the five‚Ä¶ https://t.co/Ncp1BTXx6N",Fri Mar 09 21:10:21 +0000 2018,500,CBS
147,0.8658,0.553,0.0,0.447,"RT @thegoodfight: Smart, sexy, and sophisticated. See what's coming this season on #TheGoodFight. https://t.co/CuKhx2G50P https://t.co/ygTI‚Ä¶",Fri Mar 09 18:27:28 +0000 2018,500,CBS
148,0.0,1.0,0.0,0.0,RT @BlueBloods_CBS: Even stand-up guys fall down sometimes. #BlueBloods is new tonight at 10/9c! https://t.co/UOlDm22wWW,Fri Mar 09 16:02:27 +0000 2018,500,CBS
149,0.8625,0.664,0.0,0.336,Today and every day we celebrate the women in our lives who empower and inspire us. Share a story about an¬†influent‚Ä¶ https://t.co/9rVtqrElvT,Thu Mar 08 18:00:49 +0000 2018,500,CBS
150,0.4926,0.868,0.0,0.132,Take and post a photo of the woman in your life who inspires you daily! Use the hashtag #WomanAmenACM in your post‚Ä¶ https://t.co/7ShhvE48zy,Thu Mar 08 17:03:04 +0000 2018,500,CBS
151,-0.2023,0.619,0.23,0.15,"RT @thegoodfight: Meticulously constructed. Soapy &amp; sexy. Intoxicating, savage television. üî• Here's what critics are saying about #TheGoodF‚Ä¶",Wed Mar 07 18:39:10 +0000 2018,500,CBS
152,0.0,1.0,0.0,0.0,"This just in! @Jason_Aldean, @mirandalambert, @LukeBryanOnline, and many more are set to perform at the 53rd Academ‚Ä¶ https://t.co/mfxw2VxzU4",Wed Mar 07 17:06:02 +0000 2018,500,CBS
153,0.6705,0.756,0.0,0.244,"Meet the ensemble of talented actors slated to join $1, a new mystery series coming to CBS All Access:‚Ä¶ https://t.co/QoyYv7vxwg",Tue Mar 06 18:10:59 +0000 2018,500,CBS
154,0.3818,0.833,0.0,0.167,"Will @Jason_Aldean, @garthbrooks, @LukeBryanOnline, @ChrisStapleton, or @KeithUrban be named Entertainer Of The Yea‚Ä¶ https://t.co/rMD8zjeX3s",Mon Mar 05 22:16:43 +0000 2018,500,CBS
155,0.4404,0.884,0.0,0.116,"RT @thegoodfight: It feels good to be back. üë†üíÑüî• The season 2 premiere of #TheGoodFight is now streaming, exclusively on CBS All Access: htt‚Ä¶",Sun Mar 04 08:05:26 +0000 2018,500,CBS
156,0.0,1.0,0.0,0.0,"RT @thegoodfight: Tomorrow, #TheGoodFight is back. Stream the season 2 premiere only on CBS All Access: https://t.co/tNFR8LBJO2 https://t.c‚Ä¶",Sat Mar 03 20:55:20 +0000 2018,500,CBS
157,0.7096,0.753,0.0,0.247,"Who are the trailblazing women in your life that inspire you? Join CBS and the ANA's #SeeHer initiative, celebratin‚Ä¶ https://t.co/M0KqZ41Bes",Fri Mar 02 22:30:01 +0000 2018,500,CBS
158,0.7096,0.718,0.0,0.282,"Join @maria_bello, @aishatyler and @TeaLeoni in celebrating the accomplishments of women who have contributed to th‚Ä¶ https://t.co/MefESBeFL3",Fri Mar 02 20:30:01 +0000 2018,500,CBS
159,0.4939,0.849,0.0,0.151,"In honor of Women's History Month, CBS and the Association of National Advertisers' (ANA) #SeeHer initiative will p‚Ä¶ https://t.co/2wtYxKJVuO",Fri Mar 02 18:45:00 +0000 2018,500,CBS
160,-0.6981,0.79,0.21,0.0,RT @ZoeListerJones: Tonight‚Äôs an all new Life In Pieces and it‚Äôs directed by my ride or die @nataliaanderson!!!‚Ä¶ https://t.co/2LPfmyLWrY,Thu Mar 01 18:59:01 +0000 2018,500,CBS
161,0.4547,0.749,0.092,0.159,"RT @MarenMorris: Hot damn! Woke up from my post-wisdom teeth haze to find out I‚Äôm up for 4 @ACMawards ! So honored, especially for the Dear‚Ä¶",Thu Mar 01 18:12:57 +0000 2018,500,CBS
162,0.8591,0.462,0.0,0.538,RT @KelseaBallerini: Ohhhhh goodness. Incredible. Thank you thank you thank you. #female https://t.co/1ZTYjNfQeF,Thu Mar 01 18:11:50 +0000 2018,500,CBS
163,0.4885,0.615,0.151,0.234,RT @KeithUrban: ACMs...... HOLY SMOKES!!!!! MAD LOVE TO U ALL THIS MORNING  FOR THESE INCREDIBLE NOMINATIONS. I‚ÄôM EXTREMELY GRATEFUL!!!!!!!‚Ä¶,Thu Mar 01 18:10:50 +0000 2018,500,CBS
164,0.5994,0.822,0.0,0.178,"RT @ACMawards: Congratulations to this year‚Äôs #ACMawards Video of the Year nominees:
‚ÄúBlack‚Äù - @DierksBentley
‚ÄúIt Ain‚Äôt My Fault‚Äù - @Brothe‚Ä¶",Thu Mar 01 14:36:21 +0000 2018,500,CBS
165,0.7717,0.675,0.0,0.325,"RT @ACMawards: Please give a round of applause to this year‚Äôs #ACMawards Entertainer of the Year nominees: @Jason_Aldean, @GarthBrooks, @Lu‚Ä¶",Thu Mar 01 14:29:20 +0000 2018,500,CBS
166,0.6908,0.725,0.0,0.275,".@ChrisStapleton, @ThomasRhett, @mirandalambert and more are all nominated for awards at Country Music's Party of t‚Ä¶ https://t.co/Vm1vXRUDYJ",Thu Mar 01 14:15:29 +0000 2018,500,CBS
167,0.0,1.0,0.0,0.0,"The Queen of Country, @Reba, is returning to host the 53rd #ACMawards on Sunday, April 15 at 8/7c. Here are a few o‚Ä¶ https://t.co/Iqzz6Gql01",Thu Mar 01 13:50:11 +0000 2018,500,CBS
168,0.0,1.0,0.0,0.0,RT @survivorcbs: It‚Äôs time! #Survivor https://t.co/YPk6cGWrUA,Thu Mar 01 01:04:52 +0000 2018,500,CBS
169,0.0,1.0,0.0,0.0,"RT @CBSThisMorning: TOMORROW: The nominees for the 2018 @ACMawards will be announced live by the one-and-only, @Reba! 

Watch on @CBS in ou‚Ä¶",Wed Feb 28 19:56:58 +0000 2018,500,CBS
170,0.4404,0.884,0.0,0.116,"RT @thegoodfight: From the set design and costumes to hair and makeup, the production quality is truly next-level. Take a peek inside the u‚Ä¶",Wed Feb 28 19:08:30 +0000 2018,500,CBS
171,0.5562,0.848,0.0,0.152,RT @LivinBiblically: The fun continues on Facebook! The #LivingBiblically cast is live to talk about tonight‚Äôs premiere. Tune in here: http‚Ä¶,Tue Feb 27 03:23:47 +0000 2018,500,CBS
172,0.0,1.0,0.0,0.0,"RT @KevinCanWaitCBS: Can you get all the way through these #KevinCanWait bloopers without laughing?! @KevinJames,@LeahRemini and the rest o‚Ä¶",Mon Feb 26 22:50:32 +0000 2018,500,CBS
173,0.0,1.0,0.0,0.0,"RT @ACMawards: That‚Äôs right! @Reba is headed to @CBSThisMorning on Thursday, March 1 to announce this year‚Äôs #ACMAwards' nominees. Tune in‚Ä¶",Mon Feb 26 21:08:30 +0000 2018,500,CBS
174,0.4482,0.895,0.0,0.105,"RT @ScorpionCBS: You can't hack your way to a 197 IQ, but you are well on your way with these Genius Facts from #TeamScorpion! üíª You can be‚Ä¶",Mon Feb 26 19:53:41 +0000 2018,500,CBS
175,0.784,0.734,0.0,0.266,RT @SuperiorDonuts: You can always count on @DavidKoechner for a laugh! Did your favorite Tush moment make the list? Catch a new #SuperiorD‚Ä¶,Mon Feb 26 18:32:36 +0000 2018,500,CBS
176,0.9359,0.571,0.0,0.429,RT @TheTalkCBS: TODAY: We loved them together then &amp; we love seeing them together now! Welcome back to the show @THESaraGilbert‚Äã's good fri‚Ä¶,Mon Feb 26 18:20:16 +0000 2018,500,CBS
177,-0.5423,0.816,0.184,0.0,"RT @thegoodfight: As foundations begin to crumble, our characters struggle to make sense of this new dystopian world. The cast teases what'‚Ä¶",Mon Feb 26 16:53:56 +0000 2018,500,CBS
178,0.0,1.0,0.0,0.0,"#LivingBiblically's @linzkraft and @jrfergjr appeared on @KCBS's Facebook Live this morning, talking all about what‚Ä¶ https://t.co/4RebcHuuMQ",Mon Feb 26 16:52:01 +0000 2018,500,CBS
179,0.0,1.0,0.0,0.0,"RT @CBSSports: Introducing CBS Sports HQ, a New 24/7 Direct-to-Consumer Streaming Network for Sports News, Highlights, &amp; Analysis.

Stream‚Ä¶",Mon Feb 26 16:17:55 +0000 2018,500,CBS
180,0.7644,0.769,0.0,0.231,"RT @CBSBigBrother: It‚Äôs down to the final 5 celebrity Houseguests, and anyone could take home the grand prize! Tune in NOW to watch the #BB‚Ä¶",Mon Feb 26 01:12:32 +0000 2018,500,CBS
181,0.0,1.0,0.0,0.0,RT @startrekcbs: Binge the entire first season of #StarTrekDiscovery. All episodes now streaming exclusively on CBS All Access: https://t.c‚Ä¶,Sun Feb 25 21:51:32 +0000 2018,500,CBS
182,0.0,1.0,0.0,0.0,"RT @thegoodfight: #TheGoodFight returns in 1 week. Season 2 premieres Sunday, March 4. https://t.co/nomCao1GWp https://t.co/BOn6bOe9Tb",Sun Feb 25 21:51:22 +0000 2018,500,CBS
183,0.5093,0.845,0.0,0.155,RT @thegoodfight: This is our new favorite thing. Christine Baranski debuted #TheGoodFight the Musical on @colbertlateshow last night! üéµüé§‚Ä¶,Fri Feb 23 18:15:40 +0000 2018,500,CBS
184,0.0,1.0,0.0,0.0,"RT @LivinBiblically: Confession time: have YOU ever hit the ""close door"" button in an elevator while somebody was approaching? The cast of‚Ä¶",Thu Feb 22 19:26:52 +0000 2018,500,CBS
185,0.0,1.0,0.0,0.0,RT @CBSEyeSpeak: Mark your calendars! #CBSEyeSpeak kicks off March 14 with The EYE Speak Summit. Follow our page for more details! https://‚Ä¶,Wed Feb 21 19:20:04 +0000 2018,500,CBS
186,0.6808,0.752,0.0,0.248,"RT @CBSEyeSpeak: Proud to announce a new CBS initiative, promoting female empowerment and developing the next generation of leaders through‚Ä¶",Wed Feb 21 18:19:25 +0000 2018,500,CBS
187,0.4404,0.884,0.0,0.116,"RT @LivinBiblically: When you're living by the Bible, it's good to have a priest and a rabbi on call (provided they answer their phones, th‚Ä¶",Tue Feb 20 19:55:19 +0000 2018,500,CBS
188,-0.4019,0.881,0.119,0.0,"RT @thegoodfight: Chicago lawyers are being hunted and the world is going insane. 

The new season of #TheGoodFight premieres Sunday, March‚Ä¶",Tue Feb 20 17:58:18 +0000 2018,500,CBS
189,0.3612,0.872,0.0,0.128,Ready for some larger than life competition? This new series from @MarkBurnettTV will premiere in summer 2018.‚Ä¶ https://t.co/gDXHLdIJ5v,Tue Feb 20 17:39:51 +0000 2018,500,CBS
190,0.6124,0.773,0.0,0.227,"With tournament dreams on the line, make sure to stream these college basketball matchups on CBS All Access:‚Ä¶ https://t.co/SGkYUZrQWB",Sat Feb 17 01:07:20 +0000 2018,500,CBS
191,0.3182,0.892,0.0,0.108,"RT @LivinBiblically: While Chip's sticking to the Bible's original rules, the cast of #LivingBiblically has given them a more modern makeov‚Ä¶",Fri Feb 16 18:42:43 +0000 2018,500,CBS
192,0.68,0.752,0.0,0.248,"Casting News! Peter Mark Kendall, Michael Gaston, Greg Wise, Rade ≈†erbed≈æija, Zack Pearlman, and Keye Chen join the‚Ä¶ https://t.co/GFob2KrD8H",Fri Feb 16 17:48:20 +0000 2018,500,CBS
193,0.8619,0.534,0.0,0.466,RT @BullCBS: The verdict is in...#Bull is the perfect Valentine! ‚ù§Ô∏è Happy #ValentinesDay! https://t.co/poEejI4AnC,Wed Feb 14 19:23:27 +0000 2018,500,CBS
194,0.0,1.0,0.0,0.0,"RT @NoActivityCBS: Car 27 reporting: Season 2 of #NoActivity coming soon!

Binge season one now on CBS All Access: https://t.co/yvxoQMeyhN‚Ä¶",Tue Feb 13 20:03:56 +0000 2018,500,CBS
195,0.7506,0.748,0.0,0.252,"RT @LivinBiblically: Against all odds (and the advice of his God Squad), Chip is determined to live life by the Good Book. Think you could‚Ä¶",Tue Feb 13 18:54:52 +0000 2018,500,CBS
196,0.0,1.0,0.0,0.0,RT @thegoodfight: Christine Baranski reflects upon the spectacular metamorphosis of her character in #TheGoodFight's first season. Revisit‚Ä¶,Mon Feb 12 18:49:45 +0000 2018,500,CBS
197,0.0,1.0,0.0,0.0,RT @startrekcbs: Binge the entire first season of #StarTrekDiscovery. All 15 episodes now streaming on CBS All Access: https://t.co/lKLaptP‚Ä¶,Mon Feb 12 01:32:33 +0000 2018,500,CBS
198,0.8478,0.696,0.0,0.304,RT @SuperiorDonuts: Looking for a #Valentine? Tush is here to help you land your dream date just in time for the day of love! #SuperiorDonu‚Ä¶,Fri Feb 09 00:50:01 +0000 2018,500,CBS
199,-0.5859,0.814,0.186,0.0,RT @CBSBigBrother: The pressure is on as the Houseguests battle each other for victory in the first HOH competition. Stream the season prem‚Ä¶,Thu Feb 08 16:09:35 +0000 2018,500,CBS
200,0.0,1.0,0.0,0.0,Is President Trump's silence on Russian President Vladimir Putin and porn star Stormy Daniels telling?‚Ä¶ https://t.co/1kidsp6e4g,Tue Mar 27 11:15:10 +0000 2018,500,CNN
201,-0.5574,0.381,0.371,0.248,Paris police treat murder of Holocaust survivor as anti-Semitic attack https://t.co/6PCyVCPdpS https://t.co/cuz3T6LiKQ,Tue Mar 27 11:00:08 +0000 2018,500,CNN
202,0.0,1.0,0.0,0.0,Here are 5 things you need to know today https://t.co/qRZURBA66J https://t.co/JByDGZBHYI,Tue Mar 27 10:45:05 +0000 2018,500,CNN
203,-0.6369,0.714,0.286,0.0,Photographer Gregor Sailer explores the haunting artifice of fake villages around the world https://t.co/cu4bLm50sI https://t.co/61ssTTUZTy,Tue Mar 27 10:30:07 +0000 2018,500,CNN
204,0.0,1.0,0.0,0.0,Fact-checking Tucker Carlson on diversity in America https://t.co/7S7y05oOBX | Analysis by Ronald Brownstein https://t.co/GZVSCDATFz,Tue Mar 27 10:21:32 +0000 2018,500,CNN
205,-0.8519,0.632,0.368,0.0,Arizona has suspended Uber's self-driving car tests in the state following a fatal crash involving one of the compa‚Ä¶ https://t.co/d3y4VVxlno,Tue Mar 27 10:11:06 +0000 2018,500,CNN
206,-0.7783,0.714,0.286,0.0,"A fire that tore through a shopping center killing at least 64 people, including many children, was caused by ""crim‚Ä¶ https://t.co/bmW36iQrB9",Tue Mar 27 10:02:01 +0000 2018,500,CNN
207,-0.34,0.862,0.138,0.0,"A Chinese space lab is expected to fall to Earth in ""fiery demise"" within days https://t.co/QJdgdhEm3x https://t.co/MkliVvavxU",Tue Mar 27 09:54:05 +0000 2018,500,CNN
208,0.5106,0.858,0.0,0.142,"There is a strong possibility that North Korean leader Kim Jong Un is in Beijing, an official with deep knowledge o‚Ä¶ https://t.co/vYteCRt7L6",Tue Mar 27 09:43:03 +0000 2018,500,CNN
209,0.0,1.0,0.0,0.0,Films with women or minorities in lead roles have led the box office 11 out of 12 weekends this year‚Ä¶ https://t.co/cukwL2Lz6Q,Tue Mar 27 09:37:05 +0000 2018,500,CNN
210,0.5106,0.751,0.059,0.19,"The US is showing off its military strength with F-35B fighter jets, Ospreys and warships all off the coast of Japa‚Ä¶ https://t.co/4xUliTiSeW",Tue Mar 27 09:26:35 +0000 2018,500,CNN
211,0.0,1.0,0.0,0.0,You may not knead to keep the crust on after all https://t.co/iOb0QZXQSr,Tue Mar 27 09:01:21 +0000 2018,500,CNN
212,0.7956,0.706,0.0,0.294,"""You're these Olympic athletes, you're supposed to be really strong, you're supposed to be really confident.

""I th‚Ä¶ https://t.co/XpTSZ6PqmQ",Tue Mar 27 08:47:40 +0000 2018,500,CNN
213,0.0,1.0,0.0,0.0,"The US government is officially investigating Facebook, the Federal Trade Commission confirms‚Ä¶ https://t.co/IMeV2fkAK7",Tue Mar 27 08:24:59 +0000 2018,500,CNN
214,-0.2732,0.884,0.116,0.0,"Elliott Broidy, a venture capitalist and fundraiser for US President Donald Trump's 2016 campaign, is suing Qatar,‚Ä¶ https://t.co/a6fU8y30fj",Tue Mar 27 08:08:07 +0000 2018,500,CNN
215,0.0,1.0,0.0,0.0,Apple is hosting an education-focused event in Chicago on Tuesday to likely reveal what it believes is the future o‚Ä¶ https://t.co/icRtWXGSfe,Tue Mar 27 08:08:04 +0000 2018,500,CNN
216,0.5719,0.802,0.0,0.198,Here are 9 ways to celebrate Prince Harry and Meghan Markle's royal wedding in style https://t.co/VGueCtKURm https://t.co/jO8QhYZ1uz,Tue Mar 27 08:01:01 +0000 2018,500,CNN
217,-0.228,0.904,0.096,0.0,President Donald Trump's blistering tongue and stinging tweets spare almost no one. But there are two blatant excep‚Ä¶ https://t.co/tTlPC1beFC,Tue Mar 27 07:57:27 +0000 2018,500,CNN
218,0.0,1.0,0.0,0.0,Is this the world's most luxurious airport? https://t.co/Bi3Awl1ALu via @CNNTravel https://t.co/rkeVjUVlA0,Tue Mar 27 07:51:05 +0000 2018,500,CNN
219,0.1779,0.769,0.1,0.131,"Heineken has pulled an ad with the tagline ""Sometimes lighter is better"" after critics slammed it as racist.‚Ä¶ https://t.co/ENY78J1Xw5",Tue Mar 27 07:33:07 +0000 2018,500,CNN
220,-0.0258,0.952,0.048,0.0,"Britain will leave the EU on March 29, 2019 -- but quite what Brexit will entail depends on who you listen to.‚Ä¶ https://t.co/Fz1OZjH9cG",Tue Mar 27 07:31:06 +0000 2018,500,CNN
221,0.4215,0.833,0.0,0.167,"Bill Gates tells Nigerian leaders to ""face facts"" so they can make progress https://t.co/CE32gsgzkY https://t.co/sPLRKrvTGX",Tue Mar 27 07:21:52 +0000 2018,500,CNN
222,0.5106,0.752,0.0,0.248,"11,000 years ago, our ancestors survived abrupt climate change https://t.co/pJxWePn95j https://t.co/49pVMxlBWK",Tue Mar 27 07:02:16 +0000 2018,500,CNN
223,0.0,1.0,0.0,0.0,US Army veteran who served two tours in Afghanistan has been deported to Mexico https://t.co/yWoFp27VPQ https://t.co/J16Ez5pYEC,Tue Mar 27 06:45:26 +0000 2018,500,CNN
224,-0.7783,0.714,0.286,0.0,"A fire that tore through a shopping center killing at least 64 people, including many children, was caused by ""crim‚Ä¶ https://t.co/oahnrxnX61",Tue Mar 27 06:40:05 +0000 2018,500,CNN
225,-0.4019,0.748,0.252,0.0,Where fat goes when you lose weight https://t.co/msbLdjhJZ7 https://t.co/YS8pKCKdQl,Tue Mar 27 06:31:06 +0000 2018,500,CNN
226,-0.4588,0.864,0.136,0.0,"Russia has threatened retaliation over one of the largest mass expulsions of its diplomats in history, after at lea‚Ä¶ https://t.co/3u4T0D78fG",Tue Mar 27 06:21:58 +0000 2018,500,CNN
227,-0.3612,0.865,0.135,0.0,Former President Jimmy Carter sharply criticized President Trump's decision to appoint John Bolton as national secu‚Ä¶ https://t.co/74uqRAdZpu,Tue Mar 27 06:16:06 +0000 2018,500,CNN
228,0.0,1.0,0.0,0.0,Meet the 21-year-old journalist making headlines in Pakistan by becoming the country's first transgender news ancho‚Ä¶ https://t.co/CzmkA0BKE6,Tue Mar 27 06:13:04 +0000 2018,500,CNN
229,-0.25,0.867,0.133,0.0,How the Parkland students pulled off a massive national protest in only 5 weeks https://t.co/lmACzB1I6j https://t.co/W3dr1YL2LN,Tue Mar 27 06:01:05 +0000 2018,500,CNN
230,0.5106,0.858,0.0,0.142,"There is a strong possibility that North Korean leader Kim Jong Un is in Beijing, an official with deep knowledge o‚Ä¶ https://t.co/3v5dZlKuiW",Tue Mar 27 05:58:01 +0000 2018,500,CNN
231,-0.8519,0.632,0.368,0.0,Arizona has suspended Uber's self-driving car tests in the state following a fatal crash involving one of the compa‚Ä¶ https://t.co/2Q23dCIEoF,Tue Mar 27 05:54:52 +0000 2018,500,CNN
232,0.0,1.0,0.0,0.0,Films with women or minorities in lead roles have led the box office 11 out of 12 weekends this year‚Ä¶ https://t.co/YjxkpVbYno,Tue Mar 27 05:46:04 +0000 2018,500,CNN
233,0.34,0.897,0.0,0.103,Heavy security in Beijing and the presence of what appears to be a train that belongs to North Korea's ruling Kim f‚Ä¶ https://t.co/p5qYYp11ZC,Tue Mar 27 05:43:10 +0000 2018,500,CNN
234,0.0,1.0,0.0,0.0,Is Kim Jong Un in China? https://t.co/IwENutQIvK https://t.co/d3WKCoRLNK,Tue Mar 27 05:33:26 +0000 2018,500,CNN
235,0.5994,0.766,0.0,0.234,"Through his foundation, former President Barack Obama says he hopes to ""create a hundred, or a thousand, or a milli‚Ä¶ https://t.co/iOncd1OfBZ",Tue Mar 27 05:31:05 +0000 2018,500,CNN
236,-0.5423,0.829,0.171,0.0,Most Americans already thought Trump was a cheater before the Stormy Daniels interview | Analysis by CNN's Harry En‚Ä¶ https://t.co/hXbuiIZ7SV,Tue Mar 27 05:16:03 +0000 2018,500,CNN
237,0.3919,0.883,0.0,0.117,"Draylen Mason never knew it, but he had been accepted into the prestigous Oberlin Conservatory of Music before he w‚Ä¶ https://t.co/RuMOpPpKgG",Tue Mar 27 05:01:06 +0000 2018,500,CNN
238,0.0,1.0,0.0,0.0,Thousands of new voters signed up during the March for Our Lives https://t.co/47UGsv6GJo https://t.co/0TVLMntqzg,Tue Mar 27 04:46:01 +0000 2018,500,CNN
239,0.0772,0.804,0.09,0.106,"A strange and unsettling sight greeted passersby in central London: Life-sized sculptures of 84 men, perched on the‚Ä¶ https://t.co/Z7Dz6vQafa",Tue Mar 27 04:31:06 +0000 2018,500,CNN
240,0.3612,0.884,0.0,0.116,An animation of Parkland shooting survivor Emma Gonzalez ripping the US Constitution in two went viral on social me‚Ä¶ https://t.co/jP5BOxyDp5,Tue Mar 27 04:16:53 +0000 2018,500,CNN
241,0.5574,0.865,0.0,0.135,"Linda Brown, who as a little girl was at the center of the Brown v. Board of Education US Supreme Court case that e‚Ä¶ https://t.co/UXmRqOXOF8",Tue Mar 27 04:01:06 +0000 2018,500,CNN
242,0.0,1.0,0.0,0.0,The prices of the 20 most commonly prescribed brand-name drugs for seniors have risen nearly 10 times more than the‚Ä¶ https://t.co/NQ06iLNMro,Tue Mar 27 03:46:05 +0000 2018,500,CNN
243,0.0,1.0,0.0,0.0,"Sources tell CNN that Interior Secretary Ryan Zinke has repeatedly said he won‚Äôt focus on diversity, making comment‚Ä¶ https://t.co/HK2Z6voCew",Tue Mar 27 03:31:03 +0000 2018,500,CNN
244,0.0,1.0,0.0,0.0,"The US government is officially investigating Facebook, the Federal Trade Commission confirms‚Ä¶ https://t.co/NJDe2qH2aa",Tue Mar 27 03:16:03 +0000 2018,500,CNN
245,-0.2732,0.861,0.139,0.0,President Trump writes a letter to the family of Parkland victim Meadow Pollack https://t.co/DRsYlRLZGX https://t.co/Cr0Y7UYYai,Tue Mar 27 03:01:03 +0000 2018,500,CNN
246,-0.34,0.862,0.138,0.0,"A Chinese space lab is expected to fall to Earth in ""fiery demise"" within days https://t.co/lh4pE8Dva5 https://t.co/A5mTouVLbB",Tue Mar 27 02:46:04 +0000 2018,500,CNN
247,0.0,1.0,0.0,0.0,"In her first trip to New York's capital since announcing her gubernatorial campaign, actress Cynthia Nixon referred‚Ä¶ https://t.co/53mH9H8o4g",Tue Mar 27 02:31:06 +0000 2018,500,CNN
248,0.4939,0.882,0.0,0.118,"RT @CNNTonight: Stormy Daniels' friend Alana Evans: President Trump should ""own up to what he did. Own up to the relationships. Own up to t‚Ä¶",Tue Mar 27 02:30:54 +0000 2018,500,CNN
249,-0.2023,0.909,0.091,0.0,"In a controversial move, the Commerce Department has said the question of citizenship will again be included in the‚Ä¶ https://t.co/TlAorhGDcZ",Tue Mar 27 02:22:26 +0000 2018,500,CNN
250,0.1531,0.794,0.091,0.115,RT @AC360: ‚ÄúYou are looking for a way to impeach my President‚Äù Female Trump supporters tell @RandiKayeCNN they aren‚Äôt bothered by Stormy Da‚Ä¶,Tue Mar 27 02:19:29 +0000 2018,500,CNN
251,0.5106,0.752,0.0,0.248,"11,000 years ago, our ancestors survived abrupt climate change https://t.co/6FeFgLcclf https://t.co/UkjvAq03Hy",Tue Mar 27 02:15:07 +0000 2018,500,CNN
252,0.0,1.0,0.0,0.0,7 things we learned on the groundbreaking Qantas air route from Australia to the UK https://t.co/3nYK6gYbuK https://t.co/o7DyKG0YXN,Tue Mar 27 02:00:18 +0000 2018,500,CNN
253,-0.4767,0.846,0.154,0.0,"Police in Michigan have arrested William Strampel, a former Michigan State University dean and boss of Larry Nassar‚Ä¶ https://t.co/HJNVddE7hQ",Tue Mar 27 01:55:36 +0000 2018,500,CNN
254,-0.5423,0.829,0.171,0.0,Louisiana Attorney General Jeff Landry will provide an update on the investigation of Alton Sterling's fatal shooti‚Ä¶ https://t.co/jbjm8osVvN,Tue Mar 27 01:51:01 +0000 2018,500,CNN
255,-0.6486,0.751,0.249,0.0,Why the Iranian-backed Houthi high command has added fuel to fire with missile attacks on Saudi Arabia‚Ä¶ https://t.co/4XmwWZyTzS,Tue Mar 27 01:45:06 +0000 2018,500,CNN
256,-0.2732,0.877,0.123,0.0,RT @CNNPolitics: President Trump writes a letter to the family of Parkland victim Meadow Pollack https://t.co/LzyPzCd7Jg https://t.co/MbO4v‚Ä¶,Tue Mar 27 01:42:33 +0000 2018,500,CNN
257,0.0,1.0,0.0,0.0,"In her 1st trip to New York's capital since announcing her gubernatorial campaign, Cynthia Nixon referred to Gov. C‚Ä¶ https://t.co/OLiBFbabAA",Tue Mar 27 01:40:31 +0000 2018,500,CNN
258,0.1779,0.928,0.0,0.072,"As a young girl growing up in New Jersey in the wake of 9/11, Amani Al-Khatahtbeh concealed the fact that she was M‚Ä¶ https://t.co/EEiAd3j3SH",Tue Mar 27 01:39:08 +0000 2018,500,CNN
259,-0.0516,0.759,0.127,0.114,An immigration bill you've never heard of will solve US's labor shortage https://t.co/HQ2aN7ltWm https://t.co/hHT8eJNm8Z,Tue Mar 27 01:30:11 +0000 2018,500,CNN
260,-0.1114,0.819,0.101,0.08,"President Trump pens a letter to the family of Parkland victim Meadow Pollack: ""We will not forget her life""‚Ä¶ https://t.co/AvZlRrz8y5",Tue Mar 27 01:25:03 +0000 2018,500,CNN
261,-0.2732,0.884,0.116,0.0,"Democratic Sen. Bob Menendez warned that Interior Secretary Ryan Zinke is moving toward a ""lily-white"" agency with‚Ä¶ https://t.co/uOCj7JrVtc",Tue Mar 27 01:20:05 +0000 2018,500,CNN
262,-0.6597,0.5,0.372,0.128,The Dow surges 669 points as trade war fears cool https://t.co/RjL3HozLCy https://t.co/T2qnWB0x03,Tue Mar 27 01:15:07 +0000 2018,500,CNN
263,0.0,1.0,0.0,0.0,"""For every article about Facebook's creepy stalker behavior, thousands of other companies are breathing a collectiv‚Ä¶ https://t.co/I73hKkxFSS",Tue Mar 27 01:10:02 +0000 2018,500,CNN
264,0.4215,0.833,0.0,0.167,"Bill Gates tells Nigerian leaders to ""face facts"" so they can make progress https://t.co/K245VTHQnl https://t.co/wqa0Ra2lck",Tue Mar 27 01:00:25 +0000 2018,500,CNN
265,-0.0258,0.939,0.061,0.0,A former Obama White House official says the US government could have thwarted a Russian troll group's attempts to‚Ä¶ https://t.co/9WOOoArQUR,Tue Mar 27 00:55:04 +0000 2018,500,CNN
266,0.0,1.0,0.0,0.0,"RT @OutFrontCNN: After Sunday evening's wide-ranging and detailed interview on 60 Minutes, the President may need to hunker down - his 60 d‚Ä¶",Tue Mar 27 00:51:19 +0000 2018,500,CNN
267,0.3182,0.897,0.0,0.103,"Most people don't think the ""law and order"" president respects the rule of law | Analysis by CNN's Gregory Krieg an‚Ä¶ https://t.co/ivKsF9ynqh",Tue Mar 27 00:50:03 +0000 2018,500,CNN
268,0.4019,0.803,0.0,0.197,"Arianna Huffington wants to help fix our ""culture of burnout"" https://t.co/DVjrNGcZWt https://t.co/rLd8rueFVp",Tue Mar 27 00:45:05 +0000 2018,500,CNN
269,-0.4019,0.766,0.153,0.081,"A former NFL cheerleader, who was fired in part for an Instagram post that was deemed inappropriate, is alleging ge‚Ä¶ https://t.co/qlohRXB1ml",Tue Mar 27 00:40:07 +0000 2018,500,CNN
270,0.4767,0.838,0.0,0.162,Trump's approval rating is *this* close to Obama's and Reagan's | Analysis by CNN's Z. Byron Wolf‚Ä¶ https://t.co/EL7FdNDYaC,Tue Mar 27 00:35:04 +0000 2018,500,CNN
271,-0.6808,0.728,0.272,0.0,Killer Mike posted two videos on Sunday apologizing for a video interview he did with the NRA‚Ä¶ https://t.co/V3cMEoDV0W,Tue Mar 27 00:30:16 +0000 2018,500,CNN
272,-0.6486,0.694,0.306,0.0,Mueller's critics are wrong about his role | By Michael Zeldin via @CNNOpinion https://t.co/5oN0lvV3nV https://t.co/LzDb4qcuAt,Tue Mar 27 00:25:04 +0000 2018,500,CNN
273,-0.3818,0.86,0.14,0.0,"Jared Kushner‚Äôs meetings are under investigation for potential conflicts, a letter from the Office of Government Et‚Ä¶ https://t.co/kUglZm2CcE",Tue Mar 27 00:22:00 +0000 2018,500,CNN
274,0.0,1.0,0.0,0.0,Wall Street's head-spinning reaction to trade headlines https://t.co/wHPLURl5BV https://t.co/i1AJ0jPopN,Tue Mar 27 00:15:06 +0000 2018,500,CNN
275,-0.2584,0.915,0.085,0.0,"RT @OutFrontCNN: ""You just can't have a person in that position who does not have a full security clearance"" - Joan Walsh of The Nation res‚Ä¶",Tue Mar 27 00:12:51 +0000 2018,500,CNN
276,-0.7845,0.669,0.331,0.0,"President Trump has stayed in touch with Rob Porter, a former aide who resigned after accusations of spousal abuse‚Ä¶ https://t.co/0CcPRf1i0Y",Tue Mar 27 00:10:06 +0000 2018,500,CNN
277,0.0,1.0,0.0,0.0,Starting now: Anderson Cooper's interview with Stormy Daniels replays now on CNN. https://t.co/UYpqI3esEb https://t.co/87zXwajZTN,Tue Mar 27 00:05:30 +0000 2018,500,CNN
278,0.25,0.707,0.121,0.172,You'll know the gun control movement is winning when... | Analysis by CNN's Gregory Krieg https://t.co/iT8rw9CkXI https://t.co/bOlllLHuu9,Tue Mar 27 00:05:09 +0000 2018,500,CNN
279,0.0772,0.544,0.218,0.238,Austin seeks peace amid the grief https://t.co/ceCQor8DX3 | via @CNNOpinion https://t.co/aK3Q1IB0o5,Tue Mar 27 00:00:19 +0000 2018,500,CNN
280,0.765,0.742,0.0,0.258,Did the Trump campaign and John Bolton's super PAC get help from overseas? | By Fred Wertheimer and Norman Eisen fo‚Ä¶ https://t.co/dTabQC4fK6,Mon Mar 26 23:55:17 +0000 2018,500,CNN
281,-0.3818,0.809,0.191,0.0,These are all the countries that are expelling Russian diplomats https://t.co/kDqWGm1Lnp https://t.co/JPKciaQwCQ,Mon Mar 26 23:48:48 +0000 2018,500,CNN
282,-0.8658,0.553,0.447,0.0,How the cricket cheating scandal in Australia harms the national psyche https://t.co/6E7MA3eiti | via @CNNOpinion https://t.co/cYJlFKlMMY,Mon Mar 26 23:45:04 +0000 2018,500,CNN
283,-0.5859,0.798,0.202,0.0,The bankruptcy of Remington marks a blow to the gun industry and the decline of one of America's oldest gun compani‚Ä¶ https://t.co/G2PWuxAspF,Mon Mar 26 23:38:28 +0000 2018,500,CNN
284,0.0,1.0,0.0,0.0,Iceland is bringing geothermal heating to China https://t.co/Wf4gihkyDN https://t.co/f0hoj5EIA0,Mon Mar 26 23:30:14 +0000 2018,500,CNN
285,0.0,1.0,0.0,0.0,Garry Shandling and Arthur Miller profiled in deeply personal HBO docs https://t.co/1X8tKxUvjh https://t.co/KMrwH3hLUS,Mon Mar 26 23:15:03 +0000 2018,500,CNN
286,0.0,1.0,0.0,0.0,.@AriannaHuff tells @PoppyHarlowCNN we need to ‚Äúdisconnect in a connected world today‚Äù and why she wants to you to‚Ä¶ https://t.co/Bwr5LYw2kh,Mon Mar 26 23:10:09 +0000 2018,500,CNN
287,0.2263,0.888,0.0,0.112,"Netflix has its eye on another season of ""Queer Eye for the Straight Guy"" https://t.co/cziEB1gMeG https://t.co/UA5gAd6tyv",Mon Mar 26 23:05:01 +0000 2018,500,CNN
288,-0.9062,0.383,0.617,0.0,"""The Terror"" finds icy horror in doomed voyage https://t.co/7AhoP75z49 https://t.co/JOO4f5SDAU",Mon Mar 26 23:00:28 +0000 2018,500,CNN
289,0.0,1.0,0.0,0.0,"Do you have a right to know who's watching you on the internet, and how? This privacy activist is on a mission to g‚Ä¶ https://t.co/8jfIHVbau2",Mon Mar 26 22:55:04 +0000 2018,500,CNN
290,0.0,1.0,0.0,0.0,Mystery train carries rumors about a Kim Jong Un visit to China https://t.co/LzOjWoxf0r https://t.co/afC1hRZxie,Mon Mar 26 22:45:07 +0000 2018,500,CNN
291,0.4767,0.866,0.0,0.134,"President Trump's approval rating rose to 42% in a new CNN poll, its highest level since the 100-day mark of Trump'‚Ä¶ https://t.co/jAaIkC2jnz",Mon Mar 26 22:41:27 +0000 2018,500,CNN
292,0.4939,0.789,0.0,0.211,Harry Potter inspired the Parkland generation | By Rachel Sklar via @CNNOpinion https://t.co/ZUO9Nkl3Wu https://t.co/7bWW4yIncy,Mon Mar 26 22:40:57 +0000 2018,500,CNN
293,0.0,1.0,0.0,0.0,"Cambridge Analytica sent non-US citizens to work on American campaigns during the 2014 midterm election cycle, a fo‚Ä¶ https://t.co/SUkg3i2FWc",Mon Mar 26 22:32:24 +0000 2018,500,CNN
294,0.5994,0.811,0.0,0.189,"RT @CNNMoney: ""It's easy to take for granted all of these gifts Mother Nature gives us."" Director Darren Aronofsky and producer Ari Handel‚Ä¶",Mon Mar 26 22:31:16 +0000 2018,500,CNN
295,-0.296,0.845,0.155,0.0,"Florida Gov. Rick Scott teases a ""big announcement"" amid Florida Senate speculation https://t.co/fkk3XdKrWa https://t.co/1gb5TKx6qT",Mon Mar 26 22:30:12 +0000 2018,500,CNN
296,-0.2617,0.898,0.102,0.0,"The US punishes Russia, but Trump hedges bets on Putin | Analysis by CNN's Stephen Collinson and Zachary Cohen‚Ä¶ https://t.co/qKWmhc8u08",Mon Mar 26 22:22:31 +0000 2018,500,CNN
297,0.0,1.0,0.0,0.0,"Supercar SUVs are hot, but don't expect an SUV from Ferrari https://t.co/UVa5pN5FpK https://t.co/Es5g6xe0R6",Mon Mar 26 22:15:06 +0000 2018,500,CNN
298,-0.3612,0.865,0.135,0.0,"Multiple suspicious packages were sent to military locations in the Washington, DC, area, a law enforcement officia‚Ä¶ https://t.co/D18XOPK2Kw",Mon Mar 26 22:14:02 +0000 2018,500,CNN
299,-0.4215,0.797,0.203,0.0,House Speaker Paul Ryan denies a rumor that he's stepping down https://t.co/thznHCAQ9C https://t.co/okbYQF0R81,Mon Mar 26 22:11:05 +0000 2018,500,CNN
300,-0.5423,0.419,0.408,0.173,Rocker who survived Paris attack says gun control marchers 'exploiting' victims https://t.co/bVpFkspIpO,Tue Mar 27 11:07:14 +0000 2018,500,FoxNews
301,0.0,1.0,0.0,0.0,.@Judgenap on 2020 census citizenship question @foxandfriends https://t.co/UAL4Qj4Hij,Tue Mar 27 10:53:51 +0000 2018,500,FoxNews
302,0.0,1.0,0.0,0.0,OPINION: Trump is right -- California is out of control https://t.co/RjIGgkS987,Tue Mar 27 10:37:37 +0000 2018,500,FoxNews
303,0.0,1.0,0.0,0.0,"Beyonce was bitten in the face by unidentified actress, Tiffany Haddish claims https://t.co/KLJb5LkMVi",Tue Mar 27 10:29:11 +0000 2018,500,FoxNews
304,0.34,0.862,0.0,0.138,"U.S. National Security Council Michael Anton on Russian expulsions: ""This is an unprecedented action...that's somet‚Ä¶ https://t.co/w8jKzVfREa",Tue Mar 27 10:23:56 +0000 2018,500,FoxNews
305,-0.3182,0.813,0.187,0.0,"At odds with @AmbJohnBolton on North Korea, Mattis appears isolated https://t.co/gGMFWwDOOI",Tue Mar 27 10:13:36 +0000 2018,500,FoxNews
306,-0.4404,0.775,0.225,0.0,Whistleblower at center of privacy scandal to testify in UK https://t.co/lkX4Ys0c8G,Tue Mar 27 10:10:09 +0000 2018,500,FoxNews
307,-0.1779,0.629,0.206,0.166,#Trump expressed hope to see Rob Porter return to White House: report https://t.co/ZiPyNKwMSu,Tue Mar 27 10:07:02 +0000 2018,500,FoxNews
308,-0.9042,0.537,0.463,0.0,"Iowa family found dead in Mexico likely killed by water heater gas leak, official says https://t.co/sM5xsAIsJX",Tue Mar 27 10:01:55 +0000 2018,500,FoxNews
309,-0.4588,0.6,0.4,0.0,.@CDCgov warns of second wave of flu https://t.co/RxY6Qi5T4S,Tue Mar 27 09:52:46 +0000 2018,500,FoxNews
310,0.0,1.0,0.0,0.0,"Dr. Nicole Saphier: ""Rome was not built in a day, and neither is health care."" https://t.co/pDg7MNw3Pt",Tue Mar 27 09:50:10 +0000 2018,500,FoxNews
311,0.0,1.0,0.0,0.0,Family's pet cat returns home 2 days after they thought they buried him https://t.co/kwYT6uEQ9q,Tue Mar 27 09:44:41 +0000 2018,500,FoxNews
312,0.5413,0.837,0.0,0.163,"Political analyst Ron Meyer: ""Democrats really care about getting services to people who are here illegally more th‚Ä¶ https://t.co/OXCUMwSr8f",Tue Mar 27 09:43:11 +0000 2018,500,FoxNews
313,-0.1531,0.914,0.086,0.0,"Democratic strategist Suraj Patel on citizenship question in 2020 census: ""Doing this is calculated to stopping Dem‚Ä¶ https://t.co/1q6MIrpcaI",Tue Mar 27 09:39:30 +0000 2018,500,FoxNews
314,-0.7003,0.5,0.383,0.117,Vegas police say 5 arrests in MS-13 case solves 10 murders https://t.co/d9QfRFLoxO https://t.co/kyQkw7JIcR,Tue Mar 27 09:32:14 +0000 2018,500,FoxNews
315,0.0,1.0,0.0,0.0,"For North Korean leaders, a train unlike any other https://t.co/gGO3CxNbA5",Tue Mar 27 09:29:09 +0000 2018,500,FoxNews
316,0.5267,0.764,0.0,0.236,Dow posts biggest one-day point gain since 2008  (via @FoxBusiness) https://t.co/KeTmVaUlIu https://t.co/hB4tfEttxQ,Tue Mar 27 09:26:41 +0000 2018,500,FoxNews
317,0.128,0.889,0.0,0.111,Corey Lewandowski considering legal action against reporter who entered office without permission https://t.co/9ghJZDaMYI,Tue Mar 27 09:23:06 +0000 2018,500,FoxNews
318,-0.5994,0.822,0.178,0.0,"Kiron Skinner on expulsion of 60 Russian diplomats: ""It is the harshest action against the Russians under President‚Ä¶ https://t.co/maX6r3wbw0",Tue Mar 27 09:19:50 +0000 2018,500,FoxNews
319,0.0,1.0,0.0,0.0,Global Russian Expulsions https://t.co/tjKuLoRujW https://t.co/ehwjOyQleE,Tue Mar 27 09:13:59 +0000 2018,500,FoxNews
320,0.0,1.0,0.0,0.0,Wynn Resorts hearing may include alleged misconduct evidence https://t.co/9PTyh9GO21,Tue Mar 27 09:12:54 +0000 2018,500,FoxNews
321,-0.5267,0.805,0.195,0.0,"Orlando nightclub shooter's father, an FBI informant, brushed off son's terror comments, agent says‚Ä¶ https://t.co/7aTAEszZkQ",Tue Mar 27 09:11:04 +0000 2018,500,FoxNews
322,0.5423,0.769,0.0,0.231,"OPINION: #Trump, like Reagan, can beat back the 'swamp' in assembling his own presidential dream team https://t.co/PjubKZKQbL",Tue Mar 27 09:05:35 +0000 2018,500,FoxNews
323,0.0,1.0,0.0,0.0,"""Live a purposeful life.""

99-year-old WWII vet Sidney Walton and his son Paul are on a cross-country tour to meet‚Ä¶ https://t.co/nAWYq14PZt",Tue Mar 27 09:02:51 +0000 2018,500,FoxNews
324,0.0,1.0,0.0,0.0,".@WhiteHouse: Stormy Daniels is 'inconsistent,' #Trump doesn't believe her claims are 'accurate' https://t.co/kk6ZBUvfs7",Tue Mar 27 08:45:50 +0000 2018,500,FoxNews
325,-0.5256,0.702,0.298,0.0,Uber suspended from testing self-driving cars in Arizona https://t.co/6KYQ8Zg5sa,Tue Mar 27 08:43:18 +0000 2018,500,FoxNews
326,-0.8442,0.531,0.406,0.063,Ohio Gov. Kasich commutes death sentence of man who killed woman during robbery https://t.co/qVAOdaXm9y,Tue Mar 27 08:42:50 +0000 2018,500,FoxNews
327,0.4576,0.85,0.0,0.15,"George Rodriguez: ""Democrats are more interested in sanctuary cities and protecting people that enter the country i‚Ä¶ https://t.co/8Lr8hH9dCH",Tue Mar 27 08:41:31 +0000 2018,500,FoxNews
328,-0.5423,0.857,0.143,0.0,"""The ones that are bad need to be weeded out.""

American who escaped Al Qaeda captivity says @FBI, under Mueller an‚Ä¶ https://t.co/QS0U88z1J5",Tue Mar 27 08:35:33 +0000 2018,500,FoxNews
329,-0.6249,0.709,0.291,0.0,"Russian envoy says relations with US in crisis, retaliation likely https://t.co/mi8RD6Xaxk",Tue Mar 27 08:30:59 +0000 2018,500,FoxNews
330,0.0,1.0,0.0,0.0,World's new largest cruise ship sets sail https://t.co/QH8HyOb78g,Tue Mar 27 08:25:43 +0000 2018,500,FoxNews
331,-0.6369,0.634,0.366,0.0,"High-ranking Michigan State official arrested, faces charges amid Nassar probe https://t.co/BppfqrhuPB",Tue Mar 27 08:23:33 +0000 2018,500,FoxNews
332,0.2023,0.913,0.0,0.087,"Daniel Hoffman on expulsion of 60 Russian diplomats: ""This is an important message that we've sent to the Kremlin.""‚Ä¶ https://t.co/jzZLPHfkNn",Tue Mar 27 08:21:00 +0000 2018,500,FoxNews
333,0.7906,0.619,0.0,0.381,"NC sheriff hopeful apologizes for joke about taking guns away from people's 'cold, bare hands' https://t.co/V0aIuLOr99",Tue Mar 27 08:16:20 +0000 2018,500,FoxNews
334,0.4588,0.786,0.0,0.214,"Austin bomber's roommate a 'person of interest' in investigation, McCaul says https://t.co/lc7QqLfH0w https://t.co/EgBKn2YXdx",Tue Mar 27 08:15:27 +0000 2018,500,FoxNews
335,0.0,1.0,0.0,0.0,Packages with explosive material sent to military installations in DC area https://t.co/iO2Hzfg3z9 https://t.co/7uuUKsHaP0,Tue Mar 27 08:12:41 +0000 2018,500,FoxNews
336,0.0,1.0,0.0,0.0,White House attorneys looking into loans to Kushner's business over ethics concerns https://t.co/YoUm4mGttf,Tue Mar 27 08:10:51 +0000 2018,500,FoxNews
337,0.0,1.0,0.0,0.0,"#Trump orders expulsion of dozens of Russian diplomats, closure of consulate in Seattle https://t.co/6odgJOzV6t https://t.co/5znEfyZq0a",Tue Mar 27 08:09:30 +0000 2018,500,FoxNews
338,-0.4767,0.721,0.279,0.0,EasyJet pilot suspended for using Snapchat during flight https://t.co/56CDzUQBeE,Tue Mar 27 08:06:14 +0000 2018,500,FoxNews
339,-0.4019,0.658,0.226,0.115,.@gen_jackkeane on countries expelling Russian diplomats: ‚ÄúWhat I‚Äôm hoping is it thickens the spine of these weak E‚Ä¶ https://t.co/EY6MPVgsGO,Tue Mar 27 08:00:02 +0000 2018,500,FoxNews
340,-0.8271,0.539,0.461,0.0,"Father, son killed in collapse inside silo at Wisconsin farm https://t.co/L6ooukO11o",Tue Mar 27 07:55:00 +0000 2018,500,FoxNews
341,0.0,1.0,0.0,0.0,FEAST YOUR EYES: This baby orangutan at the Phoenix Zoo got a front-row seat when a young boy began performing tric‚Ä¶ https://t.co/LkdmLWK2Ys,Tue Mar 27 07:50:00 +0000 2018,500,FoxNews
342,0.0,1.0,0.0,0.0,California to sue #Trump admin over citizenship question in 2020 census https://t.co/YOIGzHhuby,Tue Mar 27 07:45:00 +0000 2018,500,FoxNews
343,0.0,1.0,0.0,0.0,"QUARRELING KOALAS: These two male koalas were caught wrestling in Australia, reportedly, over a female koala just o‚Ä¶ https://t.co/D1I5NEQuRd",Tue Mar 27 07:40:00 +0000 2018,500,FoxNews
344,-0.34,0.844,0.156,0.0,American exchange students in Italy started kitchen fire by cooking pasta without water https://t.co/zn5KQRR9r2,Tue Mar 27 07:35:00 +0000 2018,500,FoxNews
345,0.0,1.0,0.0,0.0,"Austan Goolsbee: ""They had a record-setting day on the stock market today, precisely because @realDonaldTrump is no‚Ä¶ https://t.co/YwemCnISmR",Tue Mar 27 07:30:00 +0000 2018,500,FoxNews
346,0.0,1.0,0.0,0.0,North Dakota tries to establish Theodore Roosevelt library https://t.co/Tk8Hx6Sqpr,Tue Mar 27 07:25:00 +0000 2018,500,FoxNews
347,0.2235,0.91,0.0,0.09,"SNOW MORE GRASS HERE: One resident of New Whiteland, Indiana didn't let a snowstorm stop him from yardwork over the‚Ä¶ https://t.co/bCdpEVYJZf",Tue Mar 27 07:20:00 +0000 2018,500,FoxNews
348,0.6096,0.738,0.0,0.262,"Unusually heavy security at a Beijing guesthouse where prominent North Koreans have previously stayed, paired with‚Ä¶ https://t.co/207dukBvNr",Tue Mar 27 07:15:00 +0000 2018,500,FoxNews
349,-0.6124,0.783,0.217,0.0,"David Bossie: ""Tough talk‚Äî talking about tariffs, talking about ending these bad trade deals, is what is getting us‚Ä¶ https://t.co/eiwdZNLqRT",Tue Mar 27 07:10:00 +0000 2018,500,FoxNews
350,0.3818,0.874,0.0,0.126,"President @realDonaldTrump tweeted about ""trade talks"" on Monday night, assuring that ""in the end, all will be happ‚Ä¶ https://t.co/EenoisCIKL",Tue Mar 27 07:05:00 +0000 2018,500,FoxNews
351,0.2023,0.904,0.0,0.096,.@KyleKashuv: ‚ÄúGun control won‚Äôt solve this issue. We‚Äôve seen that we have to hold our government accountable.‚Äù‚Ä¶ https://t.co/keFKSgREAj,Tue Mar 27 07:00:01 +0000 2018,500,FoxNews
352,0.8923,0.527,0.0,0.473,"'Avengers' star Chris Evans, 'Deadpool's' Ryan Reynolds and more Marvel all-stars help fulfill dying boy's wish https://t.co/sAVdKbppOJ",Tue Mar 27 06:55:00 +0000 2018,500,FoxNews
353,-0.6249,0.76,0.24,0.0,"Harry Kazianis: ""I think @AmbJohnBolton is North Korea and China's worst nightmare."" @IngrahamAngle https://t.co/IjIDyMBHQJ",Tue Mar 27 06:50:00 +0000 2018,500,FoxNews
354,-0.4404,0.847,0.153,0.0,Texas man who allegedly had weapons stockpile in Boston-area hotel says he was on a classified mission https://t.co/92KOFwDLxr,Tue Mar 27 06:45:00 +0000 2018,500,FoxNews
355,-0.25,0.905,0.095,0.0,".@IngrahamAngle: ""On trade, let's remember, the @POTUS has stood on principle. He stuck to his guns, and he complet‚Ä¶ https://t.co/IAaDJb99j2",Tue Mar 27 06:40:00 +0000 2018,500,FoxNews
356,-0.4767,0.763,0.237,0.0,"High-ranking Michigan State official arrested amid Nassar probe, sheriff says https://t.co/nV16KaHA1C",Tue Mar 27 06:35:00 +0000 2018,500,FoxNews
357,0.0,1.0,0.0,0.0,"Roger McNamee: ‚ÄúI think all of Silicon Valley needs to reassess why it‚Äôs in business, and recognize that they can b‚Ä¶ https://t.co/FE07jALDDp",Tue Mar 27 06:30:00 +0000 2018,500,FoxNews
358,-0.3182,0.777,0.223,0.0,Mattis appears isolated as #Trump adds hawkish Bolton https://t.co/gGMFWwmdq8,Tue Mar 27 06:25:00 +0000 2018,500,FoxNews
359,-0.4019,0.881,0.119,0.0,.@dbongino: ‚ÄúThe problem with this debate is you have people who live in these cultural bubbles who talk about gun‚Ä¶ https://t.co/tEMkkBs1Pl,Tue Mar 27 06:20:00 +0000 2018,500,FoxNews
360,0.7783,0.618,0.0,0.382,NYPD detective makes heroic effort to save man from jumping off bridge https://t.co/C5zSAuNFhJ,Tue Mar 27 06:15:00 +0000 2018,500,FoxNews
361,-0.3182,0.699,0.179,0.122,Former Al Qaeda hostage in Syria alleges @FBI sacrificed his safety to track terrorists. Catherine Herridge reports‚Ä¶ https://t.co/mPGJAQ3Uvs,Tue Mar 27 06:10:00 +0000 2018,500,FoxNews
362,0.3612,0.857,0.0,0.143,"On @TheStoryFNC, Stoneman Douglas shooting survivor @KyleKashuv said that many of the activists at the‚Ä¶ https://t.co/qIq7wiO10s",Tue Mar 27 06:05:00 +0000 2018,500,FoxNews
363,0.2846,0.888,0.0,0.112,".@RajShah45: ‚ÄúThe president is a strong believer in the Second Amendment, but he does believe other measures could‚Ä¶ https://t.co/pUaIbB19mk",Tue Mar 27 06:00:00 +0000 2018,500,FoxNews
364,0.0,1.0,0.0,0.0,Train's arrival in Beijing raises speculation of Kim visit https://t.co/fmSC0367k8,Tue Mar 27 05:57:46 +0000 2018,500,FoxNews
365,0.4588,0.8,0.0,0.2,"Christian community slams Sweet Jesus ice cream shop over 'blasphemous' name, imagery https://t.co/L4h1uGeDDX",Tue Mar 27 05:55:00 +0000 2018,500,FoxNews
366,0.3818,0.843,0.0,0.157,".@MZHemingway: ‚ÄúObjectively speaking, [President Trump‚Äôs] been stronger than either of his two predecessors against‚Ä¶ https://t.co/om7xzvt1MH",Tue Mar 27 05:50:00 +0000 2018,500,FoxNews
367,0.0,1.0,0.0,0.0,'It's Unconstitutional': More CA Cities Looking to Opt Out of Sanctuary Law https://t.co/W9aJrQ6OSG,Tue Mar 27 05:45:00 +0000 2018,500,FoxNews
368,-0.5267,0.794,0.206,0.0,".@Judgenap on former hostage accusing FBI of misleading his family: ‚ÄúThe FBI, in this particular case, couldn‚Äôt car‚Ä¶ https://t.co/CnT7AaUYjO",Tue Mar 27 05:40:00 +0000 2018,500,FoxNews
369,-0.1531,0.714,0.164,0.121,Amazon shopper shocked over massive box used to mail small item https://t.co/wZrt1r7ruZ,Tue Mar 27 05:35:00 +0000 2018,500,FoxNews
370,0.7845,0.669,0.0,0.331,.@RajShah45: ‚ÄúToday‚Äôs actions make the United States safer by reducing Russia‚Äôs ability to spy on Americans and to‚Ä¶ https://t.co/9UGfvIAeuB,Tue Mar 27 05:30:00 +0000 2018,500,FoxNews
371,-0.4767,0.744,0.256,0.0,Kansas water park co-owner arrested over 10-year-old boy's decapitation https://t.co/wccBFGvKrb,Tue Mar 27 05:25:00 +0000 2018,500,FoxNews
372,0.4404,0.704,0.103,0.192,"'JAWS'-DROPPING VIDEO: These boaters' fishing trip near Daytona Beach, Florida, was interrupted by a great white sh‚Ä¶ https://t.co/cTBVnFoTvg",Tue Mar 27 05:20:00 +0000 2018,500,FoxNews
373,-0.2263,0.581,0.239,0.181,Florida woman hopes to catch her attacker in viral posts https://t.co/4Nv4n8bHZP,Tue Mar 27 05:15:00 +0000 2018,500,FoxNews
374,-0.5267,0.732,0.268,0.0,".@David_Bossie: ‚ÄúThe facts are there was no collusion, there was no cooperation.‚Äù #Outnumbered https://t.co/e7ekKUt04W",Tue Mar 27 05:10:00 +0000 2018,500,FoxNews
375,-0.34,0.862,0.138,0.0,"On @foxandfriends, @dbongino sounded off on Representative @DevinNunes' warning that @TheJusticeDept and the @FBI m‚Ä¶ https://t.co/KrrZmd2htL",Tue Mar 27 05:05:00 +0000 2018,500,FoxNews
376,0.4939,0.856,0.0,0.144,John Sununu: ‚ÄúThe president is‚Ä¶ trying to reduce trade imbalance by a hundred billion dollars. If he succeeds in th‚Ä¶ https://t.co/Cdf9Blue50,Tue Mar 27 05:00:00 +0000 2018,500,FoxNews
377,-0.6705,0.621,0.379,0.0,Mother and sister of fallen Indiana deputy attacked at courthouse https://t.co/flQvdAKuDr,Tue Mar 27 04:55:00 +0000 2018,500,FoxNews
378,0.0,1.0,0.0,0.0,"#Trump orders expulsion of dozens of Russian diplomats, closure of consulate in Seattle https://t.co/6odgJORvY1 https://t.co/QUHmDaXXhg",Tue Mar 27 04:50:00 +0000 2018,500,FoxNews
379,0.0,1.0,0.0,0.0,"Trump fundraiser sues Qatar, lobbyists over email hack https://t.co/GcByILm4Yn",Tue Mar 27 04:45:00 +0000 2018,500,FoxNews
380,-0.3818,0.867,0.133,0.0,"Troy Edgar, Mayor of Los Alamitos: ‚ÄúWhen [California] passed the sanctuary law, this law basically conflicts direct‚Ä¶ https://t.co/SG9iATUsxR",Tue Mar 27 04:40:00 +0000 2018,500,FoxNews
381,0.765,0.68,0.0,0.32,Giant great white shark caught on camera circling Florida man's boat: 'It was like a movie' https://t.co/5XTh6EOQ4u,Tue Mar 27 04:35:00 +0000 2018,500,FoxNews
382,0.0,1.0,0.0,0.0,Marine's 2-year-old brother takes his place in girlfriend's prom photos https://t.co/flyW7M3PZP https://t.co/L4m8tUOmJX,Tue Mar 27 04:30:00 +0000 2018,500,FoxNews
383,0.0,1.0,0.0,0.0,Stormy Daniels files defamation suit against #Trump attorney Michael Cohen https://t.co/ksOxVLUgfK,Tue Mar 27 04:25:00 +0000 2018,500,FoxNews
384,0.0,1.0,0.0,0.0,Stuart Varney: ‚ÄúPresident Trump has a consistent style. He negotiates‚Ä¶and that‚Äôs exactly what he‚Äôs done with China.‚Ä¶ https://t.co/RdatgwOGW9,Tue Mar 27 04:20:00 +0000 2018,500,FoxNews
385,-0.5267,0.805,0.195,0.0,"Orlando nightclub shooter's father, an FBI informant, brushed off son's terror comments, agent says https://t.co/4IY9TRdpMJ",Tue Mar 27 04:15:00 +0000 2018,500,FoxNews
386,0.0,1.0,0.0,0.0,".@dbongino: ""@TheJusticeDept and the @FBI are not unaccountable."" https://t.co/pDrgdveYKe",Tue Mar 27 04:10:00 +0000 2018,500,FoxNews
387,0.0,1.0,0.0,0.0,Parkland student Kasky bows out of debate with Kashuv https://t.co/QKZgDtu2Eq,Tue Mar 27 04:05:00 +0000 2018,500,FoxNews
388,0.024,0.774,0.111,0.116,.@CharlesHurt: ‚ÄúThe wall alone is one of the most important parts of the Trump agenda.‚Äù https://t.co/OKvFqfZS5E,Tue Mar 27 04:01:00 +0000 2018,500,FoxNews
389,0.6808,0.641,0.0,0.359,Barack Obama Hopes for a 'Million Young Obamas' to Lead 'Human Progress' https://t.co/0PMgPRicNj,Tue Mar 27 03:52:57 +0000 2018,500,FoxNews
390,-0.6124,0.778,0.222,0.0,"American who escaped Al Qaeda captivity says FBI, under Mueller and Comey, betrayed him https://t.co/gA8TqBGZu9",Tue Mar 27 03:34:34 +0000 2018,500,FoxNews
391,-0.4019,0.658,0.226,0.115,.@gen_jackkeane on countries expelling Russian diplomats: ‚ÄúWhat I‚Äôm hoping is it thickens the spine of these weak E‚Ä¶ https://t.co/cRSbHH19gs,Tue Mar 27 03:23:46 +0000 2018,500,FoxNews
392,-0.0516,0.76,0.124,0.116,"""Everything that could go wrong was shutting down inside of me.‚Äù

Rocker @alicecooper, who says he  saw his good fr‚Ä¶ https://t.co/SHiK4jIc5D",Tue Mar 27 03:15:00 +0000 2018,500,FoxNews
393,-0.6249,0.76,0.24,0.0,"Harry Kazianis: ""I think @AmbJohnBolton is North Korea and China's worst nightmare."" @IngrahamAngle https://t.co/rmTw17OLsZ",Tue Mar 27 03:05:47 +0000 2018,500,FoxNews
394,0.5267,0.746,0.0,0.254,Dow posts biggest one-day point gain since 2008 (via @FoxBusiness) https://t.co/PO1YTuSOm1,Tue Mar 27 03:05:00 +0000 2018,500,FoxNews
395,0.0,1.0,0.0,0.0,"Gordon Chang: ""China does control North Korea. When China really wants something, they get it."" @IngrahamAngle https://t.co/ihhf2V5t2N",Tue Mar 27 03:00:38 +0000 2018,500,FoxNews
396,0.4404,0.861,0.0,0.139,".@KimStrassel: ""This is why Republicans have always led on trade policy, which is a good thing, because Democrats a‚Ä¶ https://t.co/CVmtveCIYT",Tue Mar 27 02:47:47 +0000 2018,500,FoxNews
397,-0.6124,0.783,0.217,0.0,"David Bossie: ""Tough talk‚Äî talking about tariffs, talking about ending these bad trade deals, is what is getting us‚Ä¶ https://t.co/bAOtw6VySu",Tue Mar 27 02:42:24 +0000 2018,500,FoxNews
398,0.0,1.0,0.0,0.0,"Austan Goolsbee: ""They had a record-setting day on the stock market today, precisely because @realDonaldTrump is no‚Ä¶ https://t.co/pROIYPZzQe",Tue Mar 27 02:34:54 +0000 2018,500,FoxNews
399,-0.25,0.905,0.095,0.0,".@IngrahamAngle: ""On trade, let's remember, the @POTUS has stood on principle. He stuck to his guns, and he complet‚Ä¶ https://t.co/sD6CWxzd3G",Tue Mar 27 02:28:26 +0000 2018,500,FoxNews
400,0.7717,0.712,0.0,0.288,"Eight years ago, the United States and Russia agreed to a spy swap that sent a Russian double agent to safety in Br‚Ä¶ https://t.co/5Dv7DOef5y",Tue Mar 27 11:16:02 +0000 2018,500,nytimes
401,-0.4588,0.842,0.158,0.0,"The former dean of Michigan State University‚Äôs medical school, who supervised the disgraced physician Lawrence Nass‚Ä¶ https://t.co/zvJMTgrnB7",Tue Mar 27 11:00:12 +0000 2018,500,nytimes
402,-0.2023,0.917,0.083,0.0,"Within 30 seconds of arriving, Deputy Brewer had exited his car, confronted a man in the street whose pants were ar‚Ä¶ https://t.co/LzNamOCMQf",Tue Mar 27 10:45:04 +0000 2018,500,nytimes
403,0.34,0.876,0.0,0.124,"The 2020 census will ask respondents whether they are U.S. citizens, the Commerce Department announced, agreeing to‚Ä¶ https://t.co/zz1aqLKqAT",Tue Mar 27 10:30:04 +0000 2018,500,nytimes
404,0.0,1.0,0.0,0.0,A video that appeared to show the arrival in Beijing of an old-style green train fueled speculation that a high-lev‚Ä¶ https://t.co/nB2RJVVDYe,Tue Mar 27 10:16:05 +0000 2018,500,nytimes
405,0.0,1.0,0.0,0.0,Morning¬†Briefing: Here's what you need to know to start your day https://t.co/C4v9hpi3Ye https://t.co/QLK2dlg5qA,Tue Mar 27 10:00:18 +0000 2018,500,nytimes
406,-0.5267,0.825,0.175,0.0,"Others have come at President Trump with indignation, righteousness and appeals to decency. Stormy Daniels swatted‚Ä¶ https://t.co/iq3gZcZzNd",Tue Mar 27 09:55:11 +0000 2018,500,nytimes
407,0.0,1.0,0.0,0.0,"""She called me at 4:11 p.m. the last time and told me that everything was in flames, and that the doors were blocke‚Ä¶ https://t.co/T2XmtaoKxp",Tue Mar 27 09:30:02 +0000 2018,500,nytimes
408,-0.8519,0.484,0.401,0.114,"A woman who survived the Holocaust was murdered in Paris, in what the authorities are calling a hate crime https://t.co/PCfeDQFPrz",Tue Mar 27 09:16:02 +0000 2018,500,nytimes
409,-0.4767,0.866,0.134,0.0,"After 61 weeks in the White House, President Trump has found 2 people he won‚Äôt attack on Twitter: Stormy Daniels an‚Ä¶ https://t.co/5VpaR8vviN",Tue Mar 27 08:59:03 +0000 2018,500,nytimes
410,-0.6249,0.779,0.221,0.0,"China's first space station, Tiangong-1, abandoned and out of control, is expected to drop out of orbit around this‚Ä¶ https://t.co/IURCPOQDHv",Tue Mar 27 08:46:08 +0000 2018,500,nytimes
411,-0.5859,0.84,0.16,0.0,"RT @nytimesworld: To Europeans, the brazen poisoning of a former Russian spy and his daughter in Salisbury, England, crossed a line. That h‚Ä¶",Tue Mar 27 08:30:11 +0000 2018,500,nytimes
412,0.0258,0.942,0.0,0.058,"The main Brexit campaign in the referendum on Britain‚Äôs EU membership funneled more than $900,000 to a puppet organ‚Ä¶ https://t.co/9Vzlfx7fHr",Tue Mar 27 08:14:03 +0000 2018,500,nytimes
413,-0.2023,0.766,0.131,0.102,President Trump has stayed in touch with Rob Porter and has told some advisers he hopes Porter returns to work in t‚Ä¶ https://t.co/AM9RjUNwtB,Tue Mar 27 08:02:01 +0000 2018,500,nytimes
414,0.4939,0.814,0.0,0.186,A sprawling exhibition in Amsterdam looks at how a fascination with Japan shaped van Gogh's work https://t.co/1kMpdRcvCs,Tue Mar 27 07:47:05 +0000 2018,500,nytimes
415,0.128,0.923,0.0,0.077,"‚ÄúThe world‚Äôs patience is rather wearing thin with President Putin and his actions,‚Äù said the British defense secret‚Ä¶ https://t.co/mfKxquWuau",Tue Mar 27 07:32:02 +0000 2018,500,nytimes
416,0.0,1.0,0.0,0.0,"RT @meslackman: All roads may lead to Rome, but when you get here the mean streets and wrecked pavements will puncture your tires, break yo‚Ä¶",Tue Mar 27 07:18:01 +0000 2018,500,nytimes
417,-0.4019,0.816,0.184,0.0,The Ethicist: Must I Tell My Boss I‚Äôm Absent Because of Mental Illness? https://t.co/OmG8vR4vhG,Tue Mar 27 07:11:35 +0000 2018,500,nytimes
418,0.5267,0.812,0.0,0.188,The Getty Conservation Institute helps solve the mystery of brown spots in King Tut‚Äôs burial chamber once and for a‚Ä¶ https://t.co/z1b0IMpWFl,Tue Mar 27 07:02:03 +0000 2018,500,nytimes
419,-0.7906,0.733,0.267,0.0,RT @JanePerlez: Our story on five North Korean defectors who went missing. They pledged to take poison if caught. Did they? Or are they ins‚Ä¶,Tue Mar 27 06:32:02 +0000 2018,500,nytimes
420,-0.0772,0.812,0.1,0.089,"RT @nytopinion: If Bolton and Trump rip up the Iran deal, they will be giving the U.S. what it needs least: international isolation. https:‚Ä¶",Tue Mar 27 06:02:05 +0000 2018,500,nytimes
421,0.7003,0.766,0.0,0.234,"It's pretty clear how birds, even dinosaurs, got their wings. But how insects got theirs has been a mystery -- unti‚Ä¶ https://t.co/AFhD1V40xi",Tue Mar 27 05:41:02 +0000 2018,500,nytimes
422,-0.296,0.901,0.099,0.0,Villanova's team chaplain wants no part of a rivalry with Sister Jean. ‚ÄúAs someone who is a product of 16 years of‚Ä¶ https://t.co/Q3LX3bNNVk,Tue Mar 27 05:21:03 +0000 2018,500,nytimes
423,-0.7964,0.738,0.262,0.0,"RT @NYTHealth: Dr. John Cacioppo, who bridged biology and psychology in exploring the health effects of loneliness, is dead at 66 https://t‚Ä¶",Tue Mar 27 05:02:02 +0000 2018,500,nytimes
424,-0.4939,0.856,0.144,0.0,"The mass expulsion of Russian personnel stationed in the U.S. was the largest ever, eclipsing even the darkest days‚Ä¶ https://t.co/XGBpNxeOv1",Tue Mar 27 04:41:07 +0000 2018,500,nytimes
425,0.7269,0.679,0.0,0.321,"Chris Evans makes his Broadway debut in the astutely acted revival of Kenneth Lonergan‚Äôs play, ""Lobby Hero"" https://t.co/LIgBAWJ6B1",Tue Mar 27 04:21:02 +0000 2018,500,nytimes
426,0.0,1.0,0.0,0.0,"Despite Concerns, Census Will Ask Respondents if They Are U.S. Citizens https://t.co/DvsNaOwgfr",Tue Mar 27 04:09:38 +0000 2018,500,nytimes
427,-0.5267,0.658,0.246,0.096,A new EPA policy proposal championed by Scott Pruitt would severely restrict the scientific research the agency can‚Ä¶ https://t.co/gSQiVxJlT2,Tue Mar 27 04:02:01 +0000 2018,500,nytimes
428,0.5423,0.653,0.06,0.286,New Orleans Saints cheerleaders have to leave a restaurant if a player comes in. A cheerleader is challenging such‚Ä¶ https://t.co/R7WrFuUp0z,Tue Mar 27 03:47:05 +0000 2018,500,nytimes
429,-0.3182,0.897,0.103,0.0,"Uber was ordered to suspend testing of its autonomous vehicles on Arizona roads, 8 days after one of its cars struc‚Ä¶ https://t.co/MsnkgMhRco",Tue Mar 27 03:32:04 +0000 2018,500,nytimes
430,0.1531,0.826,0.074,0.099,"RT @NYTMetro: Federal authorities charged Keith Raniere, the head of the Albany-area group Nxivm, with forcing women to engage in sex. http‚Ä¶",Tue Mar 27 03:17:03 +0000 2018,500,nytimes
431,0.0,1.0,0.0,0.0,The ‚Äú60 Minutes‚Äù interview of Stormy Daniels garnered the highest ratings for the program in almost a decade https://t.co/vZoIYm3ugi,Tue Mar 27 03:02:05 +0000 2018,500,nytimes
432,0.296,0.814,0.0,0.186,"Medical societies and leading neurologists strongly endorse a treatment for stroke, but some ER physicians believe‚Ä¶ https://t.co/v9BzB78wi1",Tue Mar 27 02:47:05 +0000 2018,500,nytimes
433,-0.6908,0.759,0.241,0.0,The Stormy Daniels saga and White House turmoil: Some Republicans fear that the midterm elections will be swayed by‚Ä¶ https://t.co/VV8P6AYboK,Tue Mar 27 02:32:02 +0000 2018,500,nytimes
434,-0.0757,0.779,0.117,0.104,RT @NYTScience: There's an 8.5-ton space station that will crash on Earth somewhere in the next week. Don't worry. https://t.co/x5r8BsFXpz,Tue Mar 27 02:17:02 +0000 2018,500,nytimes
435,-0.5267,0.707,0.212,0.082,"Can Defense Secretary Jim Mattis hold the line in President Trump‚Äôs ""war cabinet""? https://t.co/28JV7ODldJ https://t.co/5QMTVB2715",Tue Mar 27 02:02:03 +0000 2018,500,nytimes
436,0.0,1.0,0.0,0.0,"Tess will spend the next 2 years, at least, scanning the sky for alien worlds https://t.co/uqiiZ7TKcT",Tue Mar 27 01:47:02 +0000 2018,500,nytimes
437,-0.1027,0.772,0.102,0.126,We have resolved an issue that caused some links to return a page not found on mobile devices. We apologize for the inconvenience.,Tue Mar 27 01:31:03 +0000 2018,500,nytimes
438,0.2732,0.896,0.0,0.104,RT @nytopinion: E.P.A Administrator Scott Pruitt wants to prohibit his agency from using certain peer-reviewed scientific studies in order‚Ä¶,Tue Mar 27 01:21:03 +0000 2018,500,nytimes
439,0.0,1.0,0.0,0.0,Evening Briefing: Here's what you need to know at the end of the day https://t.co/PGHd4PlLBN,Tue Mar 27 01:02:07 +0000 2018,500,nytimes
440,-0.2023,0.766,0.131,0.102,President Trump has stayed in touch with Rob Porter and has told some advisers he hopes Porter returns to work in t‚Ä¶ https://t.co/1be8txo0YB,Tue Mar 27 00:47:04 +0000 2018,500,nytimes
441,0.0,1.0,0.0,0.0,"Investigators believe a man in Arizona was distributing performance-enhancing drugs on a massive, global scale, yet‚Ä¶ https://t.co/oEHmWEZaWQ",Tue Mar 27 00:32:03 +0000 2018,500,nytimes
442,0.5267,0.812,0.0,0.188,The Getty Conservation Institute helps solve the mystery of brown spots in King Tut‚Äôs burial chamber once and for a‚Ä¶ https://t.co/HstzedLBAa,Tue Mar 27 00:17:05 +0000 2018,500,nytimes
443,-0.5574,0.735,0.265,0.0,RT @maggieNYT: NEWS: Trump Talks of Bringing Back Rob Porter  https://t.co/1BleAd2VZN,Tue Mar 27 00:02:02 +0000 2018,500,nytimes
444,0.5106,0.645,0.0,0.355,"Villanova has a beloved team chaplain, too https://t.co/cMje3sdrCj",Mon Mar 26 23:47:06 +0000 2018,500,nytimes
445,-0.8957,0.565,0.435,0.0,"RT @nytimesworld: She escaped a 1942 roundup of Jews in Paris, and died in a 2018 hate crime https://t.co/bwlI9EawZ1",Mon Mar 26 23:32:04 +0000 2018,500,nytimes
446,-0.5574,0.833,0.167,0.0,Linda Brown has died. The Kansas schoolgirl came to symbolize the transformative Brown v. Board of Education desegr‚Ä¶ https://t.co/a0bJJfESbP,Mon Mar 26 23:17:04 +0000 2018,500,nytimes
447,0.0,1.0,0.0,0.0,Planning a trip to Memphis? Here's what you should bring. https://t.co/mXqFo0yzG6,Mon Mar 26 23:02:04 +0000 2018,500,nytimes
448,0.0,1.0,0.0,0.0,Evening Briefing: Here's what you need to know at the end of the day https://t.co/FmmZKTkugK,Mon Mar 26 22:45:06 +0000 2018,500,nytimes
449,-0.1531,0.708,0.179,0.113,"‚ÄúThis is a deplorable way to treat a veteran who risked his life in combat for our nation,‚Äù Senator Tammy Duckworth‚Ä¶ https://t.co/GNFXVeadzt",Mon Mar 26 22:32:03 +0000 2018,500,nytimes
450,0.4939,0.814,0.0,0.186,A sprawling exhibition in Amsterdam looks at how a fascination with Japan shaped van Gogh's work https://t.co/bdRjmcrJEl,Mon Mar 26 22:17:03 +0000 2018,500,nytimes
451,0.6124,0.639,0.086,0.274,"RT @jeligon: .@es_snipes fought vigorously for black lives. What did the movement do to support her? Not enough, friends say. https://t.co/‚Ä¶",Mon Mar 26 21:47:02 +0000 2018,500,nytimes
452,0.5859,0.789,0.0,0.211,Here's how to create your own support system when you don't have a spouse or kids to fall back on https://t.co/OtWwllbDnF,Mon Mar 26 21:32:07 +0000 2018,500,nytimes
453,-0.3818,0.874,0.126,0.0,One NYT reader's reaction to President Trump expelling 60 Russians and closing a consulate in response to the poiso‚Ä¶ https://t.co/LQXzs3DbW7,Mon Mar 26 21:17:06 +0000 2018,500,nytimes
454,0.0,1.0,0.0,0.0,"RT @poniewozik: The new Roseanne has its limits, but it's a revival with more reason for existing than ""Eh, why not?"" https://t.co/jKTC30dG‚Ä¶",Mon Mar 26 21:00:13 +0000 2018,500,nytimes
455,-0.34,0.902,0.098,0.0,"RT @NYTScience: Sometime in the next week, a 9.4-ton Chinese space station is expected to come hurtling back to earth. But you probably hav‚Ä¶",Mon Mar 26 20:50:05 +0000 2018,500,nytimes
456,-0.8225,0.636,0.364,0.0,A fatal helicopter crash in New York‚Äôs East River may have been caused by a passenger‚Äôs harness accidentally trippi‚Ä¶ https://t.co/Y33509wC43,Mon Mar 26 20:41:03 +0000 2018,500,nytimes
457,0.0,1.0,0.0,0.0,The lawyer for the Pulse gunman‚Äôs widow wants the case against her thrown out after it was revealed that the gunman‚Ä¶ https://t.co/ddOF0vInOO,Mon Mar 26 20:30:05 +0000 2018,500,nytimes
458,0.0,1.0,0.0,0.0,"The ‚Äú60 Minutes‚Äù interview of Stormy Daniels drew 22 million viewers, more than this year‚Äôs Grammys (19.8 million)‚Ä¶ https://t.co/eaq4o6bsAY",Mon Mar 26 20:20:05 +0000 2018,500,nytimes
459,0.5267,0.793,0.0,0.207,"Review: ""Angels in America,"" starring Andrew Garfield and Nathan Lane, is ""flat-out fabulous"" https://t.co/QNh39X6QwQ",Mon Mar 26 20:10:03 +0000 2018,500,nytimes
460,0.0,1.0,0.0,0.0,"RT @nytimesarts: The diverse and strongly-reviewed ""One Day at a Time"" has been renewed for a third season on Netflix https://t.co/A9Rjr0qd‚Ä¶",Mon Mar 26 19:50:01 +0000 2018,500,nytimes
461,0.5423,0.653,0.06,0.286,New Orleans Saints cheerleaders have to leave a restaurant if a player comes in. A cheerleader is challenging such‚Ä¶ https://t.co/PUJaP3jtoZ,Mon Mar 26 19:40:04 +0000 2018,500,nytimes
462,0.0,1.0,0.0,0.0,RT @poniewozik: Stormy Daniels spanked Donald Trump with a network newsmagazine. https://t.co/prQASw7buB,Mon Mar 26 19:30:05 +0000 2018,500,nytimes
463,-0.5267,0.855,0.145,0.0,The Democratic primary for governor may be less than a week old but the battle between Gov. Cuomo and Cynthia Nixon‚Ä¶ https://t.co/7JGUwM3CeI,Mon Mar 26 19:20:01 +0000 2018,500,nytimes
464,-0.7003,0.756,0.244,0.0,Some of the children trapped by the fire sent farewell messages through their social media accounts. Many were repo‚Ä¶ https://t.co/yzbFWU01nz,Mon Mar 26 19:10:03 +0000 2018,500,nytimes
465,0.296,0.879,0.0,0.121,RT @bydanielvictor: Here's what the Saints require cheerleaders to do to ‚Äúprotect‚Äù themselves from players  https://t.co/61MXS7G0kS https:/‚Ä¶,Mon Mar 26 19:03:10 +0000 2018,500,nytimes
466,0.0,1.0,0.0,0.0,Is Kim Jong-un visiting China? A video that appears to show an old-style green train arriving in Beijing is fueling‚Ä¶ https://t.co/tUiZEF9TtH,Mon Mar 26 19:00:09 +0000 2018,500,nytimes
467,0.0,1.0,0.0,0.0,"Facebook‚Äôs privacy practices are being investigated by the Federal Trade Commission, the government agency confirmed https://t.co/EOcXizO8l4",Mon Mar 26 18:44:40 +0000 2018,500,nytimes
468,-0.7003,0.784,0.216,0.0,"RT @nytopinion: A bill in Ohio would ban all abortions, full stop. It's part of a larger strategy to make abortions impossible to obtain fo‚Ä¶",Mon Mar 26 18:30:06 +0000 2018,500,nytimes
469,0.4939,0.738,0.0,0.262,How to care for your skin ‚Äî while you sleep https://t.co/uoXLBtptOT,Mon Mar 26 18:20:04 +0000 2018,500,nytimes
470,0.7263,0.568,0.136,0.296,"RT @TimHerrera: Hearing ‚Äî and giving ‚Äî criticism is super hard! Here's why that is, and some ideas to make it go down easier  https://t.co/‚Ä¶",Mon Mar 26 18:10:07 +0000 2018,500,nytimes
471,-0.5574,0.69,0.31,0.0,"You know Sister Jean. Meet Father Rob.
https://t.co/B7m8sZnhju https://t.co/eG4Yo2LcQS",Mon Mar 26 18:00:19 +0000 2018,500,nytimes
472,-0.4767,0.866,0.134,0.0,"After 61 weeks in the White House, President Trump has found 2 people he won‚Äôt attack on Twitter: Stormy Daniels an‚Ä¶ https://t.co/31KHgrUsMn",Mon Mar 26 17:50:07 +0000 2018,500,nytimes
473,-0.5423,0.783,0.166,0.051,"RT @jeligon: Erica Garner. MarShawn McCarrel. Darren Seals. Muhiyidin Moye. Edward Crawford. Black Lives Matter activists have died young,‚Ä¶",Mon Mar 26 17:40:05 +0000 2018,500,nytimes
474,-0.4019,0.803,0.197,0.0,What we know (and don‚Äôt know) about how to lose weight https://t.co/t1b13HuoVg,Mon Mar 26 17:30:03 +0000 2018,500,nytimes
475,-0.3818,0.874,0.126,0.0,"14 European nations joined the U.S. and Canada in expelling scores of Russian diplomats. They include Germany, Fran‚Ä¶ https://t.co/GF3XQdxSO6",Mon Mar 26 17:20:10 +0000 2018,500,nytimes
476,0.4404,0.868,0.0,0.132,"Louis Vuitton‚Äôs new artistic director for men‚Äôs wear is Virgil Abloh, a creative director for Kanye West who will b‚Ä¶ https://t.co/MrunGSyo65",Mon Mar 26 17:10:13 +0000 2018,500,nytimes
477,0.3818,0.773,0.055,0.173,"RT @EnnisNYT: ‚ÄúIf a Saints cheerleader enters a restaurant and a player is already there, she must leave. If a cheerleader is in a restaura‚Ä¶",Mon Mar 26 17:00:05 +0000 2018,500,nytimes
478,0.0,1.0,0.0,0.0,"Meet Tess, seeker of alien worlds https://t.co/oHJWlGO1Rl https://t.co/8mxz1duFIt",Mon Mar 26 16:50:10 +0000 2018,500,nytimes
479,-0.5267,0.825,0.175,0.0,"Others have come at President Trump with indignation, righteousness and appeals to decency. Stormy Daniels swatted‚Ä¶ https://t.co/CfNLtGFM7E",Mon Mar 26 16:40:08 +0000 2018,500,nytimes
480,0.4019,0.837,0.0,0.163,"RT @nytgraphics: In the upcoming midterm elections, the math favors the Democrats: 41 competitive House seats are held by Republicans, 7 by‚Ä¶",Mon Mar 26 16:30:11 +0000 2018,500,nytimes
481,-0.4118,0.744,0.182,0.074,"A grocery war is raging across the United States. At stake is not only the price of toothpaste and bananas, but the‚Ä¶ https://t.co/QgbM6XsJsS",Mon Mar 26 16:20:08 +0000 2018,500,nytimes
482,-0.4588,0.875,0.125,0.0,"Stormy Daniels told ""60 Minutes"" that in 2011 a man threatened her if she spoke of her affair with Donald Trump. He‚Ä¶ https://t.co/bRwDEto0DI",Mon Mar 26 16:10:07 +0000 2018,500,nytimes
483,0.6124,0.826,0.0,0.174,"RT @kimseverson: Marijuana is coming to a tiny, dying Southern town and @RichardFausset writes about it brilliantly. (You'll learn a lot ab‚Ä¶",Mon Mar 26 16:00:20 +0000 2018,500,nytimes
484,0.4215,0.865,0.0,0.135,"Remington, one of the oldest firearm manufacturers in the United States, has filed for bankruptcy amid mounting deb‚Ä¶ https://t.co/ISZZI0Dy5c",Mon Mar 26 15:50:09 +0000 2018,500,nytimes
485,0.0,1.0,0.0,0.0,The Trump administration appears to be using steel and aluminum tariffs as a bargaining chip in trade negotiations.‚Ä¶ https://t.co/uzd6BHtlAY,Mon Mar 26 15:40:04 +0000 2018,500,nytimes
486,-0.5267,0.769,0.167,0.064,Jim Mattis was dismissed as a warmonger during the Obama presidency. Now the defense secretary may be the only reli‚Ä¶ https://t.co/E3PzoTetXn,Mon Mar 26 15:30:11 +0000 2018,500,nytimes
487,-0.5574,0.854,0.146,0.0,"RT @lauriegnyt: In the Philippines, divorce is illegal. The result? Many don‚Äôt marry at all. Mistresses are common. Women can‚Äôt remarry eve‚Ä¶",Mon Mar 26 15:20:04 +0000 2018,500,nytimes
488,-0.7184,0.76,0.24,0.0,"At least 64 people, many of them children, died when a fire burned through a shopping mall in the Siberian city of‚Ä¶ https://t.co/qk5RExZOCt",Mon Mar 26 15:10:09 +0000 2018,500,nytimes
489,0.0,1.0,0.0,0.0,"In Opinion

Op-Ed contributor @krista_r_burton writes: ""Why do people perform their relationships online? Who is it‚Ä¶ https://t.co/Zk3OFBGJVd",Mon Mar 26 15:00:32 +0000 2018,500,nytimes
490,0.0,1.0,0.0,0.0,"Making the dogs of ""Isle of Dogs"" https://t.co/AFMZN3lboV",Mon Mar 26 14:44:01 +0000 2018,500,nytimes
491,-0.128,0.927,0.073,0.0,"The U.S. military carried out its first ever drone strike against Qaeda militants in southern Libya this weekend, s‚Ä¶ https://t.co/v4vXQHVWiv",Mon Mar 26 14:30:08 +0000 2018,500,nytimes
492,0.0,1.0,0.0,0.0,"In Opinion

Op-Ed contributor @KadriLiik writes: ""Patriotic hackers"" or ""patriotic trolls"" can act independently, b‚Ä¶ https://t.co/PAkoNOwnhQ",Mon Mar 26 14:16:04 +0000 2018,500,nytimes
493,-0.2263,0.853,0.147,0.0,"Photos from the ""March for Our Lives"" protests around the world https://t.co/F3RzR8XKv5",Mon Mar 26 14:00:17 +0000 2018,500,nytimes
494,-0.7184,0.714,0.286,0.0,"Along with the long hours, constant confrontation and frequent heartbreak they experience, activists work for littl‚Ä¶ https://t.co/CDGkmORA79",Mon Mar 26 13:45:09 +0000 2018,500,nytimes
495,-0.4215,0.826,0.174,0.0,"The expulsions are the toughest action taken against the Kremlin by President Trump, who has been criticized for no‚Ä¶ https://t.co/aoAH6cBPlF",Mon Mar 26 13:30:02 +0000 2018,500,nytimes
496,-0.6774,0.557,0.443,0.0,Why it's so hard to hear negative feedback https://t.co/qsrGlmRdjL,Mon Mar 26 13:15:06 +0000 2018,500,nytimes
497,-0.7003,0.746,0.254,0.0,Breaking News: President Trump expelled 60 Russians and closed a consulate in response to the poisoning of an ex-sp‚Ä¶ https://t.co/7e9m5e6jJ0,Mon Mar 26 13:05:43 +0000 2018,500,nytimes
498,0.0,1.0,0.0,0.0,Morning¬†Briefing: Here's what you need to know to start your day https://t.co/zMGebRtRjr https://t.co/FKDXtWtmIB,Mon Mar 26 13:00:23 +0000 2018,500,nytimes
499,0.3034,0.895,0.0,0.105,"RT @NYTSports: EXCLUSIVE: The story of the man who, investigators say, shipped performance-enhancing drugs to more than 8,000 people. https‚Ä¶",Mon Mar 26 12:49:04 +0000 2018,500,nytimes
